시점,생산량:계,생산량:계,생산량:계,생산량:계,생산량:계,생산량:계,생산량:계,생산량:계,생산량:계,생산량:계,생산량:계,생산량:계,생산량:계,생산량:계,생산량:계,생산량:계,생산량:계,생산량:계,생산량:계,생산량:계,생산량:계,생산량:계,생산량:계,생산량:계,생산량:계,생산량:계,생산량:계,생산량:계,생산량:계,생산량:계,생산량:계,생산량:계,생산량:계,생산량:계,생산량:계,생산량:계,생산량:계,생산량:계,생산량:계,생산량:계,생산량:계,생산량:계,생산량:계,생산량:계,생산량:계,생산량:계,생산량:계,생산량:계,생산량:계,생산량:계,생산량:계,생산량:계,생산량:계,생산량:계,생산량:계,생산량:계,생산량:계,생산량:계,생산량:계,생산량:계,생산량:계,생산량:계,생산량:계,생산량:계,생산량:계,생산량:계,생산량:계,생산량:계,생산량:계,생산량:계,생산량:계,생산량:계,생산량:계,생산량:계,생산량:계,생산량:계,생산량:계,생산량:계,생산량:계,생산량:계,생산량:계,생산량:계,생산량:계,생산량:계,생산량:계,생산량:계,생산량:계,생산량:계,생산량:계,생산량:계,생산량:계,생산량:계,생산량:계,생산량:계,생산량:계,생산량:계,생산량:계,생산량:계,생산량:계,생산량:계,생산량:계,생산량:계,생산량:계,생산량:계,생산량:계,생산량:계,생산량:계,생산량:계,생산량:계,생산량:계,생산량:계,생산량:계,생산량:계,생산량:계,생산량:계,생산량:계,생산량:계,생산량:계,생산량:계,생산량:계,생산량:계,생산량:계,생산량:계,생산량:계,생산량:계,생산량:계,생산량:계,생산량:계,생산량:계,생산량:계,생산량:계,생산량:계,생산량:계,생산량:계,생산량:계,생산량:계,생산량:계,생산량:계,생산량:계,생산량:계,생산량:계,생산량:계,생산량:계,생산량:계,생산량:계,생산량:계,생산량:계,생산량:계,생산량:계,생산량:계,생산량:계,생산량:계,생산량:계,생산량:계,생산량:계,생산량:계,생산량:계,생산량:계,생산량:계,생산량:계,생산량:계,생산량:계,생산량:계,생산량:계,생산량:계,생산량:계,생산량:계,생산량:계,생산량:계,생산량:계,생산량:계,생산량:계,생산량:계,생산량:계,생산량:계,생산량:계,생산량:계,생산량:계,생산량:계,생산량:계,생산량:계,생산량:계,생산량:계,생산량:계,생산량:계,생산량:계,생산량:계,생산량:계,생산량:계,생산량:계,생산량:계,생산량:계,생산량:계,생산량:계,생산량:계,생산량:계,생산량:계,생산량:계,생산량:계,생산량:계,생산량:계,생산량:계,생산량:계,생산량:계,생산량:계,생산량:계,생산량:계,생산량:계,생산량:계,생산량:계,생산량:계,생산량:계,생산량:계,생산량:계,생산량:계,생산량:계,생산량:계,생산량:계,생산량:계,생산량:계,생산량:계,생산량:계,생산량:계,생산량:계,생산량:계,생산량:계,생산량:계
시점,계,계,계,계,계,계,계,계,계,계,계,계,계,계,계,계,계,계,계,계,계,계,계,계,계,계,계,계,계,계,계,계,계,계,계,계,계,계,계,계,계,계,계,계,계,계,계,계,계,계,계,계,계,계,계,계,계,계,계,계,계,계,계,계,계,계,계,계,계,계,계,계,계,계,계,계,계,계,계,계,계,계,계,계,계,계,계,계,계,계,계,계,계,계,계,계,계,계,계,계,계,계,계,계,계,계,계,계,계,계,계,계,계,계,계,계,계,계,계,계,계,계,계,계,계,계,계,계,계,계,계,계,계,계,계,계,계,계,계,계,계,계,계,계,계,계,계,계,계,계,계,계,계,계,계,계,계,계,계,계,계,계,계,계,계,계,계,계,계,계,계,계,계,계,계,계,계,계,계,계,계,계,계,계,계,계,계,계,계,계,계,계,계,계,계,계,계,계,계,계,계,계,계,계,계,계,계,계,계,계,계,계,계,계,계,계,계,계,계,계,계,계,계,계,계,계,계
시점,계,계,계,계,계,계,계,계,계,계,계,계,계,계,계,계,계,계,계,계,계,계,계,계,계,계,계,계,계,계,계,계,계,계,계,계,계,계,계,계,계,계,계,계,계,계,계,계,계,계,계,계,계,계,계,계,계,계,계,계,계,계,계,계,계,계,계,계,계,계,계,계,계,계,계,계,계,계,계,계,계,계,계,계,계,계,계,계,계,계,계,계,계,계,계,계,계,계,계,계,계,계,계,계,계,계,계,계,계,계,계,계,계,계,계,계,계,계,계,계,계,계,계,계,계,계,계,계,계,계,계,계,계,계,계,계,계,계,계,계,계,계,계,계,계,계,계,계,계,계,계,계,계,계,계,계,계,계,계,계,계,계,계,계,계,계,계,계,계,계,계,계,계,계,계,계,계,계,계,계,계,계,계,계,계,계,계,계,계,계,계,계,계,계,계,계,계,계,계,계,계,계,계,계,계,계,계,계,계,계,계,계,계,계,계,계,계,계,계,계,계,계,계,계,계,계,계
시점,연근해어업,가오리류,가자미류,기름가자미,갈치,강달이류,고등어,망치고등어,꽁치,학공치,넙치류,노가리,농어류,눈볼대,능성어,참다랑어,기타다랑어류,도루묵,대구,감성돔,옥돔,자리돔,참돔,돌돔,기타돔류,망둑어류,매퉁이류,멸치,반지,명태,민어,방어류,밴댕이,뱅어류,병어류,보구치,보리멸,복어류,조피볼락,기타볼락류,노래미류,부세,삼치류,상어류,서대류,성대류,송어류,쏨뱅이,삼세기,숭어류,아귀류,까나리,양미리,양태류,연어,임연수어,갯장어,먹장어,붕장어,전갱이류,전어,정어리,참조기,기타조기류,준치,쥐치류,청어,참홍어,홍어류,꼼치류,기타어류,갑각류,꽃게,대게,붉은대게,민꽃게,기타게류,꽃새우,닭새우류,대하,흰다리새우,보리새우,젓새우류,중하,가시발새우,기타새우류,기타갑각류,골뱅이,굴류,소라고둥,소라,고둥류,오분자기,전복류,가리비류,가무락,개량조개류,꼬막,새꼬막,동죽,맛류,바지락,백합류,새조개,코끼리조개,키조개,피조개,홍합류,개조개,우렁이류,기타패류,갑오징어류,꼴뚜기류,낙지류,문어류,주꾸미,살오징어(오징어),한치류,기타연체동물류,미더덕,성게류,우렁쉥이,해삼,오만둥이,기타수산동물류,김류,꼬시래기류,개꼬시래기,다시마류,도박류,모자반(말)류,모자반(몰),미역류,우뭇가사리,기타가사리,청각,톳,파래류,매생이,곰피,기타해조류,해면양식업,가자미류,고등어,넙치류,농어류,능성어,참다랑어,감성돔,자리돔,참돔,돌돔,기타돔류,망둑어류,멸치,민어,방어류,보구치,복어류,조피볼락,기타볼락류,노래미류,부세,송어류,쏨뱅이,숭어류,연어,임연수어,갯장어,붕장어,전갱이류,전어,참조기,쥐치류,기타어류,꽃게,대하,흰다리새우,보리새우,중하,기타새우류,기타갑각류,골뱅이,굴류,소라고둥,고둥류,오분자기,전복류,가리비류,가무락,개량조개류,꼬막,새꼬막,동죽,맛류,바지락,백합류,새조개,코끼리조개,키조개,피조개,홍합류,개조개,기타패류,낙지류,문어류,미더덕,성게류,우렁쉥이,해삼,오만둥이,기타수산동물류,김류,꼬시래기류,개꼬시래기,다시마류,모자반(말)류,모자반(몰),미역류,우뭇가사리,기타가사리,청각,톳,파래류,매생이,곰피,기타해조류
시점,계,계,계,계,계,계,계,계,계,계,계,계,계,계,계,계,계,계,계,계,계,계,계,계,계,계,계,계,계,계,계,계,계,계,계,계,계,계,계,계,계,계,계,계,계,계,계,계,계,계,계,계,계,계,계,계,계,계,계,계,계,계,계,계,계,계,계,계,계,계,계,계,계,계,계,계,계,계,계,계,계,계,계,계,계,계,계,계,계,계,계,계,계,계,계,계,계,계,계,계,계,계,계,계,계,계,계,계,계,계,계,계,계,계,계,계,계,계,계,계,계,계,계,계,계,계,계,계,계,계,계,계,계,계,계,계,계,계,계,계,계,계,계,계,계,계,계,계,계,계,계,계,계,계,계,계,계,계,계,계,계,계,계,계,계,계,계,계,계,계,계,계,계,계,계,계,계,계,계,계,계,계,계,계,계,계,계,계,계,계,계,계,계,계,계,계,계,계,계,계,계,계,계,계,계,계,계,계,계,계,계,계,계,계,계,계,계,계,계,계,계,계,계,계,계,계,계
1970,724365,7691,21648,-,69082,5904,38256,-,25036,239,3123,-,438,1535,359,-,278,16110,2753,346,43,-,792,-,693,-,252,54047,-,13418,1597,1718,-,777,4727,-,-,4096,-,1548,-,-,5276,8580,2568,273,83,-,-,2742,-,-,7038,1622,-,-,2732,-,5452,883,7861,101,31765,23408,3479,-,746,-,-,-,124948,16354,2700,247,-,-,2404,-,-,457,-,95,6509,606,-,3030,306,-,5618,2587,-,-,-,373,-,-,-,3898,-,-,-,4966,2462,-,-,363,476,3891,-,-,-,3077,-,-,503,2410,72142,-,11069,-,3364,-,1331,-,11075,1171,-,-,780,-,2204,-,38420,3154,-,-,8622,-,-,-,17992,119211,-,-,-,-,-,-,-,-,-,-,-,-,-,-,-,-,-,-,-,-,-,-,-,-,-,-,-,-,-,-,-,-,22,-,-,-,-,-,10,-,-,36981,-,-,-,9,-,-,-,19295,-,-,-,5747,5602,-,-,-,-,6888,-,346,-,-,-,-,-,-,-,-,35782,-,-,-,-,-,6625,1149,-,-,-,-,-,-,756
1971,764179,7172,18633,-,82868,3760,60599,-,30592,958,4336,-,263,1355,283,-,60,24809,2571,499,111,-,967,-,433,-,245,66904,-,11241,967,761,-,1772,4492,-,-,3127,-,1338,-,-,6584,6672,2945,98,226,-,-,2295,-,-,497,1036,-,-,2789,-,3943,8904,5205,138,24554,19230,3107,-,6718,-,-,-,147551,15279,4113,494,-,-,3167,-,-,266,-,571,2825,906,-,1678,1259,-,7851,3903,-,-,-,553,-,-,-,4842,-,-,-,6752,3184,-,-,1984,1878,6266,-,-,-,4763,-,-,907,1878,38262,-,11995,-,2041,-,1682,-,8187,1213,-,-,1468,-,4579,-,29721,3143,-,-,10607,-,-,-,17633,147221,-,-,-,-,-,-,-,-,-,-,-,-,-,-,20,-,-,-,-,-,-,-,-,-,-,-,-,-,-,-,-,-,-,-,-,-,10,-,10,10,-,45663,-,-,-,19,-,-,-,18087,-,-,-,8316,8521,-,-,-,-,16778,-,970,-,1,-,-,-,-,-,-,34801,-,-,-,-,-,11103,996,-,-,-,-,-,-,1918
1972,956276,9918,19113,-,110309,11939,78969,-,38544,1116,6659,-,321,1057,54,-,38,9961,757,487,347,-,1796,-,599,-,345,104174,-,40492,997,1301,-,928,8318,-,-,3046,-,1132,-,-,8694,7087,2703,26,382,-,-,1969,-,-,2434,1425,-,-,4242,-,4613,2753,4354,315,25352,20024,4941,-,6311,-,-,-,182656,22964,5701,132,-,-,3120,-,-,704,-,810,4897,846,-,2858,3896,-,8394,5046,-,-,-,959,-,-,-,4519,-,-,-,6007,1798,-,-,2231,1418,9543,-,-,14260,3976,-,-,1133,2801,52749,-,-,-,1904,-,1877,-,6777,3155,-,-,1037,-,2362,-,28123,2651,-,-,9961,-,-,-,27633,160378,-,-,-,-,-,-,-,-,-,-,-,-,-,-,-,-,-,-,-,-,-,-,-,-,-,-,-,-,-,-,-,-,-,-,-,-,-,-,86,36,-,64314,-,-,-,14,-,-,-,10767,-,-,-,8988,7392,-,-,-,-,14070,-,802,-,2,-,-,-,-,-,-,23042,-,-,-,-,-,29028,866,-,-,-,-,-,-,972
1973,1061962,10538,21035,-,124150,14314,74150,-,34148,1539,7339,-,542,986,64,-,150,20736,717,808,206,-,1721,-,738,-,498,95572,-,42628,1092,1542,-,5463,11065,-,-,7629,-,1348,-,-,6847,7310,3078,47,368,-,-,2169,-,-,4626,1599,-,-,5082,-,4573,2089,6072,3689,24947,28836,4440,-,3962,-,-,-,192359,35827,9306,355,-,-,4626,-,-,3794,-,1749,9250,1168,-,3539,2040,-,14793,9319,-,-,-,2346,-,-,-,5178,-,-,-,6602,810,-,-,1441,3336,8392,-,-,41868,5165,-,-,1389,6102,44152,-,753,-,2659,-,1446,-,6903,2574,-,-,248,977,4147,-,33421,2541,131,-,12216,210,-,-,24205,260401,-,-,-,-,-,-,-,-,-,-,-,-,-,-,1,-,-,-,-,-,-,-,-,-,-,-,-,-,-,-,-,-,-,15,-,-,-,-,61,23,-,78602,-,-,-,10,-,-,-,12268,-,-,-,10933,6906,-,-,-,-,7765,-,320,-,-,-,-,-,-,-,-,34763,-,-,-,-,-,107848,588,-,-,-,-,-,-,299
1974,1263728,10704,21399,-,166391,24730,80649,-,31723,5486,6744,-,512,949,35,-,36,12723,1365,1280,298,-,1785,-,1391,-,540,173457,-,64512,2235,1747,-,5463,15796,-,369,4032,-,1741,-,-,10727,6818,3000,399,206,-,-,2394,-,-,4450,1352,-,1001,5562,-,6629,1511,8940,194,54130,40170,1318,-,114,-,-,-,232209,33762,10487,340,-,-,2157,-,-,3005,-,1962,6888,2144,-,3295,3484,2028,8940,3240,-,-,-,517,416,158,8461,3455,-,-,617,9008,515,392,-,2283,2628,8983,-,-,6702,6504,-,-,1509,4337,31354,-,6065,-,3393,1562,1796,-,4921,1685,48,-,456,1998,5183,-,31029,3925,907,-,14250,1660,-,-,29825,340169,-,-,-,-,-,-,-,-,-,-,-,-,-,-,-,-,-,-,-,-,-,-,-,-,-,-,-,-,-,-,-,-,15,-,-,-,-,-,5,-,-,56008,-,-,-,1,-,-,-,13693,-,-,-,13919,5423,-,-,-,-,5578,-,731,-,-,-,-,-,-,-,-,54440,-,-,2334,-,-,186805,951,-,-,-,-,-,-,265
1975,1207753,15119,22354,-,120078,35828,70123,-,25958,1140,5086,55322,4193,1700,34,-,681,7267,1653,1242,440,-,1789,-,1370,-,768,175451,-,4540,1999,3051,-,6987,24191,-,1092,3971,-,5556,-,-,5241,6327,4553,132,131,-,-,3100,-,-,2597,2893,-,4340,8385,-,7843,6563,4945,3555,40056,21147,2263,81394,2386,-,-,-,113838,48675,13703,100,-,-,4170,-,-,5946,-,4299,13524,1533,-,3766,1634,1290,9122,3213,-,-,-,568,44,497,16525,2634,-,-,855,22870,1110,2253,-,577,2569,12421,-,-,3182,10932,-,-,4441,4513,37238,-,6465,-,2321,4656,1321,-,1901,758,23,-,1246,3224,4226,-,20302,5279,1463,-,15877,1844,-,-,30646,351396,-,-,-,-,-,-,-,-,-,-,-,-,-,-,-,-,-,-,-,-,-,-,-,-,-,-,-,-,-,-,-,-,-,-,-,-,-,-,53,33,-,143604,-,-,-,0,-,552,-,9736,-,-,-,15385,6259,-,-,-,450,12899,-,625,-,5,-,-,-,-,-,-,44672,-,-,2758,-,-,112026,981,-,-,-,-,-,-,1360
1976,1255095,11545,25569,-,75559,50697,107382,-,42121,787,4011,82556,1338,1519,38,-,818,9065,435,619,-,-,1368,-,1474,1798,415,126202,-,5546,1951,2429,2869,10434,18716,-,1093,3429,-,4596,-,-,5355,6097,4625,220,53,-,-,3300,4470,-,3232,2211,-,609,6161,-,8166,7088,5866,11154,45456,-,7177,114671,84,-,-,-,103134,43461,11176,9,-,-,4323,-,8,793,-,696,10734,2009,-,13713,-,2129,10066,5221,-,-,-,615,489,271,23802,1241,-,2765,577,16823,674,651,-,1040,2459,15096,-,-,4960,16429,-,-,4109,4688,45227,-,7940,-,3497,5066,2588,-,1862,1066,23,-,587,4236,4872,-,25118,9440,672,363,15306,2400,-,-,31758,410670,-,-,-,-,-,-,-,-,-,-,-,-,-,-,-,-,-,-,-,-,-,-,-,-,-,-,-,-,-,-,-,-,1,-,61,-,17,-,-,-,-,154596,-,-,-,7,-,607,221,11953,-,80,-,18553,2973,-,-,-,427,29348,-,288,-,-,-,-,-,-,-,-,44234,-,-,8342,-,-,136659,247,-,-,-,-,-,-,2056
1977,1306069,11532,23393,-,72032,30408,113051,-,23175,827,4035,104267,2285,663,16,-,247,5363,1456,1126,-,-,1607,-,1629,2809,612,140842,-,18584,1353,1863,6227,7250,12857,-,1924,5431,-,6417,-,-,6767,4404,4174,219,80,-,-,4885,3863,-,5098,2707,-,3488,8758,-,8497,5431,7850,50299,26156,-,2882,128098,545,-,-,-,127491,50837,16768,144,-,-,7279,-,728,1977,-,771,13269,1912,-,7989,-,6561,10138,5165,-,-,-,582,41,309,18420,928,-,2188,3054,14283,646,1109,-,2069,2100,13555,-,-,6957,14780,-,-,4165,2720,18119,-,10763,-,4119,3872,2788,-,3587,554,-,-,1423,389,4923,-,34642,6591,1116,490,12261,1622,-,-,33230,491137,-,-,-,-,-,-,-,-,-,-,-,-,-,-,-,-,-,-,-,-,-,-,-,-,-,-,-,-,-,-,-,-,-,-,84,-,15,-,-,-,-,151325,-,-,-,24,-,2104,55,10128,-,2602,-,23366,2504,-,-,-,202,60536,-,1950,-,-,-,-,-,-,-,-,57718,-,-,2122,-,-,173978,57,-,-,-,-,-,-,2367
1978,1360662,11072,19692,-,86065,29033,99519,-,21744,1253,3110,93023,1433,1637,21,-,168,2097,1841,699,-,-,1556,-,885,3479,223,183211,-,11295,1751,1829,9607,5789,11467,-,1945,4268,-,4096,-,-,10030,5015,4023,101,59,-,-,4008,3334,-,5303,1652,-,3512,9852,-,6962,3948,7159,53829,25084,-,2732,199920,497,-,-,-,99681,51192,16691,228,-,-,10213,-,224,1059,-,3017,5952,2436,-,11372,-,3692,14959,4960,-,-,-,419,37,159,26207,765,-,4429,966,11881,1435,659,-,620,1284,10710,-,-,6500,30024,-,-,3143,3063,18440,-,12387,-,2969,2702,2509,-,6408,231,13,-,613,1382,4874,-,13740,5654,1668,404,15575,1703,-,-,31777,390997,-,-,-,-,-,-,-,-,-,-,-,-,-,-,-,-,-,-,-,-,-,-,-,-,-,-,-,-,-,-,-,-,-,-,65,-,20,-,-,-,-,143324,-,-,-,77,-,2579,2,6350,-,206,-,20115,751,-,-,-,665,34003,-,1675,-,-,-,-,-,-,-,-,28748,-,-,5516,-,-,144601,44,-,-,-,-,-,-,2256
1979,1412289,13831,17812,-,120723,34418,120283,-,17178,1240,3503,68156,1635,2348,27,-,103,1367,1883,738,-,-,1858,-,1240,2746,1034,171539,-,11716,2754,2090,4212,2014,13714,-,10618,3646,-,4295,-,-,12166,3985,3741,287,65,-,-,4569,2501,-,7917,1139,-,1073,6228,-,12987,6716,9156,47177,34754,-,2172,230298,182,-,-,-,79453,51477,18544,155,-,-,8591,-,83,1315,-,382,8958,3709,-,9740,-,2072,13527,4382,-,-,-,458,80,298,11965,778,-,8385,458,8221,1321,4686,-,181,1460,9337,-,-,7139,55654,-,-,3757,3330,26132,-,15429,-,2719,2307,3325,-,6622,143,11,-,493,455,5448,-,10028,7671,1116,903,12932,1371,-,-,20931,480414,-,-,-,-,-,-,-,-,-,-,-,-,-,-,18,-,-,-,-,-,-,-,-,-,-,-,-,-,-,-,-,-,44,-,80,-,45,-,-,-,-,157591,-,-,-,203,-,637,52,5651,-,2466,-,26567,1014,-,-,-,1548,86509,-,2327,-,-,-,-,-,-,-,-,43787,-,-,5192,-,-,143305,6,-,-,-,-,-,-,3373
1980,1370324,12598,18644,-,119980,43803,62690,-,12395,1120,3862,68272,1502,2184,40,-,289,4348,844,776,-,-,2101,-,1377,2930,1135,169657,-,28112,2311,2089,5102,5344,14169,-,799,2951,-,4665,-,-,17511,3831,3876,308,128,-,-,5479,2815,-,4571,2517,-,1170,5289,-,9614,565,9668,38282,48843,-,3279,229230,438,-,-,-,68574,49296,19734,193,-,-,5821,-,5,783,-,592,7568,2710,-,11890,-,3774,13981,3985,-,-,-,540,8,518,16307,801,-,9074,898,13606,1419,3445,-,349,804,8704,-,-,4891,38922,-,-,4571,3761,48490,-,15016,-,3383,2369,3139,-,7002,237,9,-,2411,518,5556,-,10244,7941,682,1227,15853,1518,-,-,12998,540564,-,-,-,-,-,-,-,-,-,-,-,-,-,-,7,-,-,-,-,-,-,-,-,-,-,-,-,-,-,-,-,-,31,-,25,-,60,-,-,1,-,173052,-,-,-,98,-,1425,326,5427,-,2158,-,30096,779,973,-,-,2301,61301,-,4624,-,-,-,-,-,-,-,-,56274,-,-,940,-,-,196147,560,-,-,-,-,-,-,3959
1981,1526670,15339,22242,-,147677,38559,108082,-,10844,1159,4706,115554,1667,1001,23,-,233,1631,3646,818,-,-,2518,-,1584,4050,665,184351,-,50283,3576,1198,4244,10932,14091,-,2487,1899,-,5403,-,-,13960,3495,4516,486,2727,-,-,4832,2581,-,10782,2226,-,1522,6714,-,13257,5520,12348,63068,34477,9263,1912,187625,254,-,-,-,68507,50926,22181,125,-,-,8901,-,182,502,-,742,8089,1819,-,8385,-,4516,7128,4497,-,-,-,558,10,321,8447,430,-,7824,1595,15596,2380,6041,-,12001,2285,4442,-,-,3975,38153,-,-,5323,2395,46715,-,11415,-,5212,2485,3534,-,6828,344,20,-,375,419,3496,-,19313,7178,207,1017,13743,2132,-,-,12860,701065,-,-,-,-,-,-,-,-,-,-,-,-,-,-,6,-,-,-,-,-,-,-,-,-,-,-,-,-,-,-,-,-,25,-,29,-,88,-,-,-,-,199233,-,-,-,132,-,930,418,4630,-,207,-,32170,599,1483,-,-,12193,61877,-,3927,-,-,-,55,-,-,-,-,80490,-,-,1963,-,-,294622,88,-,-,-,-,-,-,5900
1982,1473248,13955,22239,-,121960,31783,99447,-,7449,854,4596,99243,1695,986,31,-,454,2748,4462,663,-,-,1956,-,1806,4649,376,162256,-,38413,2462,3829,5625,7834,14431,-,279,7460,-,5254,-,-,10677,4567,4693,141,1107,-,-,4787,2942,-,10569,3044,-,8011,9179,-,14143,10837,10171,81985,18330,30290,5067,182356,447,-,-,-,57571,58690,19393,73,-,-,9155,-,380,1145,-,771,13815,1221,-,12737,-,5326,7855,7052,-,-,-,453,8,567,16691,403,-,14503,1316,17890,1536,8687,-,10332,398,5074,-,-,4143,31874,-,-,5315,3487,53925,-,13797,-,5565,1146,3678,-,7432,173,10,-,761,1162,2371,-,6191,7366,380,1792,19849,2159,-,-,3782,596316,-,-,-,-,-,-,-,-,-,-,-,-,-,-,-,-,-,-,-,-,-,-,-,-,-,-,-,-,-,-,-,-,-,-,52,-,57,-,-,-,-,181349,-,-,-,82,-,528,106,7950,-,1310,-,28963,450,260,-,-,20389,37826,-,1753,-,-,-,66,39,1,-,600,79784,-,-,3987,-,-,225045,-,-,-,-,-,-,-,5719
1983,1485569,16318,22549,-,152633,39013,122883,-,4597,1516,4312,56267,1176,1216,61,-,1855,6834,3784,956,-,-,1658,-,2884,5676,370,131859,-,29642,1678,3095,10606,1897,9018,-,998,2052,-,6682,-,-,16224,4233,5080,216,2122,-,-,7886,4646,-,24048,3491,-,1600,8046,-,8838,11539,14119,139763,10133,19294,1754,172732,528,-,-,-,61488,59682,17854,183,-,-,7421,-,97,396,-,1336,16994,1386,-,14015,-,6118,14518,5787,-,-,-,333,49,602,12453,286,-,15012,778,17028,627,1434,-,4142,908,5518,-,-,4763,59487,-,-,6085,5309,37286,-,7452,-,5260,1727,3966,-,3300,79,11,-,440,1018,621,-,5835,7354,1691,1161,15335,2532,-,-,7717,643798,-,-,-,-,-,-,-,-,-,-,-,-,-,-,-,-,-,-,-,-,-,-,-,-,-,-,-,-,-,-,-,-,-,-,50,-,-,-,-,-,1,203945,79,-,-,2,-,552,-,5113,-,3491,44,23347,133,-,-,-,11047,41594,-,20,-,-,-,-,33,153,-,6967,87963,-,-,11606,-,-,237128,3,-,-,-,-,-,-,10527
1984,1521615,13284,19184,-,145413,32977,101714,-,1923,1807,3528,66772,1168,821,25,-,890,5295,902,774,-,-,1248,-,3078,4027,216,155124,-,39906,2481,2952,10829,5496,10833,-,289,3110,-,4870,-,-,21603,3082,6388,104,2605,-,-,6192,6338,-,9010,4299,-,2604,8405,-,12751,7354,7304,177896,7711,21793,3098,181008,497,-,-,-,65668,66193,25643,6,-,-,11295,-,149,773,-,1236,9791,2293,-,15007,-,7755,8574,5293,-,-,-,268,35,635,8888,123,-,14166,1043,12830,1646,2982,-,3867,2139,6326,-,-,6224,55440,-,-,5763,3321,39610,-,8053,-,4933,1999,3438,-,5887,132,4,-,34,1305,387,-,6236,6155,691,771,19243,1412,-,-,11168,678321,-,-,-,-,-,-,8,-,-,-,-,-,-,-,323,-,-,-,-,-,-,-,-,-,-,-,-,-,-,-,-,-,-,-,75,-,18,-,-,-,-,203312,-,-,-,17,-,410,497,10312,-,544,3,17167,91,764,-,360,23019,26041,-,51,-,-,-,-,157,1,-,11490,136484,2,-,7927,1,-,230188,-,-,-,4325,4734,-,-,-
1985,1494514,14839,19432,-,127606,32836,68479,-,4393,2308,2883,38049,1104,981,57,-,2712,7100,2996,642,-,-,1123,-,3444,6381,206,143512,-,46496,2202,4687,8994,7529,9294,-,160,3338,-,5790,-,-,10265,3084,7369,40,2353,-,-,9024,9624,-,4697,4245,-,2789,5395,-,24010,15702,11716,107776,6872,20576,1291,256528,773,-,-,-,64894,75969,23960,14,-,-,13771,-,248,667,-,1844,13488,2729,-,19248,-,6988,11668,6161,-,-,-,360,586,1409,12091,350,-,20930,1095,20105,1280,3148,-,3605,2315,6169,-,-,9475,49545,-,-,5935,5214,42879,-,8309,-,6222,3451,3098,-,1448,603,2,-,996,648,378,-,6380,4115,1176,470,15449,1524,-,-,14372,787571,-,-,-,-,-,-,-,-,-,-,-,-,-,-,1351,-,-,-,-,-,-,-,-,-,-,-,-,-,-,-,-,-,62,1,39,-,44,-,1,2,-,242847,22,-,-,6,-,320,-,12038,-,1666,-,14350,161,1148,-,1,48073,48239,-,164,-,-,-,5,9069,-,-,10501,109819,-,-,11796,-,-,256436,246,-,-,8497,10658,-,-,9
1986,1725820,13326,20790,-,107561,42022,103511,-,6619,2971,2534,32483,660,1282,58,-,628,9346,919,510,-,-,1075,-,3656,6053,181,201642,-,46890,2665,5795,14033,8162,13509,-,709,3349,-,5970,-,-,20678,3310,6838,62,2767,-,-,7728,10870,-,6155,4357,-,2477,5040,-,23208,7018,16150,160725,9644,17614,4722,327516,1386,-,-,-,75844,88664,30897,9,-,-,15778,-,193,1503,-,864,15029,3911,-,20480,-,7337,13769,4131,-,-,-,447,293,960,8922,552,-,23431,2167,29504,1716,4779,-,2546,1958,5898,-,-,10361,36210,2124,7147,4600,3604,37214,-,5549,2829,7751,949,3367,-,1154,378,1,-,169,813,181,-,8227,5080,266,526,11630,1654,-,-,3944,946965,-,-,-,-,-,-,-,-,-,-,-,-,-,-,2910,-,-,-,-,-,-,-,-,-,-,-,-,-,-,-,-,-,5,-,82,-,51,-,-,-,30,255006,11,-,-,19,-,488,11,11520,-,1757,1,35992,350,307,-,8,58393,34557,-,544,-,-,4391,34,15205,70,-,1096,143369,-,-,9445,24,-,346434,305,6,-,13289,11040,-,-,215
1987,1525999,10660,17982,-,113426,45354,101337,-,5927,1930,3150,13557,1043,855,87,-,469,12169,839,423,-,-,1305,-,4153,5946,461,167729,-,20162,2078,3529,10300,4552,11804,-,103,3775,-,6181,-,-,23974,2807,6627,75,1372,-,-,5841,7023,-,5281,2939,-,7855,5591,-,20143,13916,13886,194352,19835,13871,2976,153588,2763,-,-,-,67532,90292,30273,4,-,-,15467,-,347,683,-,2322,16640,3032,-,21524,-,8284,15145,3357,-,-,-,315,273,1049,10595,311,-,19465,2036,25622,1236,5521,-,2790,1462,3749,-,-,9992,25568,2923,10439,4844,2241,60930,-,461,4640,5278,1335,2922,-,835,15,-,-,3761,267,137,-,7174,9620,599,656,21580,2949,-,-,11798,866063,-,-,20,-,-,-,-,-,-,-,-,-,-,-,1418,-,-,-,-,-,-,-,-,-,-,-,-,-,-,-,-,-,335,-,113,-,71,-,17,-,-,288078,1,-,-,4,-,443,-,14584,-,4300,-,54132,264,623,-,2,58092,26064,-,265,-,-,9089,-,10048,-,-,-,83287,-,-,9980,-,-,285085,218,14,55,11572,7588,-,-,301
1988,1512481,9034,15999,-,104304,35054,162828,-,2535,1901,2393,2892,954,824,71,-,1607,4099,1200,369,-,-,1104,-,3872,7233,409,126112,-,13348,2185,6422,10693,6479,4765,-,160,3282,-,5768,-,-,26737,2822,4505,31,1533,-,-,5863,8172,-,4546,3338,-,4192,4209,-,19680,39745,10423,145870,18703,13526,1620,221728,6075,-,-,-,83251,98815,31968,10,-,-,19961,-,950,1080,-,4481,11767,2086,-,26512,-,8444,14247,3097,-,-,-,278,76,713,3500,208,-,19141,1598,20864,1792,8270,-,8268,500,3395,-,-,8660,21867,2931,10979,4554,3366,49525,-,573,2965,4291,118,2758,-,769,1248,4,-,1649,364,324,-,6711,8844,351,1106,12981,3304,-,-,4568,886605,-,-,16,-,-,-,-,-,-,-,-,-,-,-,1258,-,-,-,-,-,-,-,-,-,-,-,-,-,-,-,-,-,16,-,102,-,79,-,-,-,8,284472,8,-,-,-,-,1786,-,14502,-,3242,4,51245,418,296,-,-,49013,15693,-,-,-,-,8859,-,14014,-,-,5,115749,-,-,11612,-,-,281657,-,-,-,23871,8670,-,-,10
1989,1510262,10073,15856,-,102399,46851,163617,-,3367,3763,2945,8431,1022,554,61,-,1711,2470,3020,435,-,-,1376,-,5116,5405,107,131855,-,15786,2114,6218,7280,14528,8480,-,141,4427,-,6453,-,-,16325,2374,3041,34,1197,-,-,3977,5199,-,3271,3973,-,4231,3082,-,23368,22969,11297,182540,18575,12698,2466,159104,6697,-,-,-,97370,101176,28753,3,-,-,21534,-,151,1220,-,2023,21493,2400,-,23599,-,8195,13306,3555,-,-,-,336,75,669,5291,780,-,12115,2367,18870,628,8626,-,6064,6625,6256,-,-,7305,16528,2396,12354,6472,3743,65885,-,477,1792,3633,299,2508,-,669,775,4,-,31,607,185,-,4812,8284,404,829,10162,2418,-,-,3107,848246,-,-,249,-,-,-,-,-,-,-,-,-,-,-,1569,-,-,-,-,-,-,-,-,-,-,-,-,-,-,-,-,-,843,-,234,-,68,-,-,-,21,242956,-,-,-,-,-,1310,-,10299,-,8488,-,64973,102,126,-,5,16947,7925,-,23,-,-,12428,-,24344,-,-,-,141355,-,-,2617,-,-,280856,-,-,224,20168,10116,-,-,-
1990,1471810,7600,12594,-,103736,53212,96297,-,5301,1815,2380,16527,780,520,50,-,758,3137,487,666,-,-,936,-,5412,2247,55,130192,-,9798,2389,4532,2640,14507,10304,-,274,6914,-,5072,-,-,16700,1866,3432,135,661,-,-,2522,8759,-,7310,3598,-,5315,2349,-,21848,16586,8525,132354,27890,14956,1213,229522,6219,-,-,-,98436,104856,23004,3,-,-,28235,-,698,912,-,2336,22579,3358,-,23731,-,6382,16079,2673,-,-,-,312,6,509,3353,622,-,27234,2480,12868,935,3021,-,15299,1015,5747,-,-,7923,12395,2391,9264,5962,4422,74172,-,630,1961,4325,222,2491,-,609,3533,0,-,7,756,201,-,5075,8339,325,565,7222,1425,-,-,2876,772731,-,-,1037,391,-,-,-,-,228,-,56,-,3,-,462,-,43,-,386,-,-,-,-,0,-,5,1,-,-,-,-,-,44,0,257,-,55,-,-,-,7,219124,4,-,-,2,-,232,-,11113,-,5607,31,61713,133,98,-,11,17758,9759,-,-,11,-,11523,-,20768,0,-,-,97637,-,-,8084,-,-,269333,-,-,427,23920,12463,-,-,5
1991,1226779,7108,12706,-,95466,71769,89738,-,2954,816,1885,10116,831,453,47,-,1807,5026,663,494,-,-,787,-,7303,1615,95,124513,-,10104,2671,3929,3818,15704,10062,-,137,5208,-,5064,-,304,24285,1648,2585,146,1019,-,-,2955,8206,-,7969,3345,22,4571,2823,-,21332,15923,6770,43964,37387,19710,573,69744,4586,-,2545,-,90733,99107,18300,2,-,-,32736,-,1107,998,-,2488,16512,6145,-,20819,-,7141,16518,4009,-,-,-,354,4,784,2184,322,-,11419,2961,12595,4047,4960,-,7898,810,6498,-,-,6225,8149,2802,11968,5332,3882,107607,-,966,2207,3749,222,2025,-,756,1128,6,-,144,169,131,-,4243,5399,237,1555,6614,510,-,-,3108,775419,1,-,1815,377,-,-,-,-,356,-,5,-,-,-,893,-,0,-,312,-,-,-,-,8,-,16,-,-,-,2,-,-,120,-,465,-,31,15,-,-,2,215418,24,-,-,7,1,252,0,16325,-,3546,24,45537,246,380,-,441,16702,9495,-,9,-,-,9972,-,6994,2,-,-,143945,-,-,8938,-,-,266966,-,-,-,11408,14367,-,-,2
1992,1206542,5168,14111,-,87169,55783,115619,-,439,1479,2022,5041,818,414,53,-,897,4197,438,370,-,-,715,-,7466,2149,141,116914,-,9504,2268,1785,2969,16571,8434,-,119,9418,-,5150,-,120,7925,1691,2366,58,1477,-,-,3087,7681,-,7922,2839,22,2651,2453,-,23633,26533,5603,45707,39664,23955,282,34146,5878,-,3438,-,89230,106053,17087,11,-,-,28704,-,1007,968,-,2092,29310,4962,-,21912,-,5849,17526,6141,-,-,-,305,0,774,3416,428,-,10861,2556,13016,2382,3398,-,5523,911,6303,-,-,6715,5207,2758,11546,5990,3976,136928,-,877,1796,2476,278,1581,-,752,69,6,-,-,399,108,-,3459,6742,394,1215,4327,578,-,-,6941,935478,-,-,3199,79,170,-,0,-,117,-,18,-,-,2,287,-,4,-,666,-,-,-,-,13,-,22,-,-,-,-,-,-,18,-,562,-,30,-,-,-,-,235326,98,-,-,15,35,135,-,16441,-,1406,-,54402,192,316,-,-,20547,9689,-,-,-,-,6903,-,4821,2,-,-,163555,-,-,9560,-,-,371432,5,-,-,18163,17248,-,-,-
1993,1526139,7720,13466,-,58035,71728,174684,-,745,2005,2454,7567,1523,666,101,-,459,3781,481,399,1650,421,979,-,3792,2788,131,249209,-,9043,1908,2740,24383,5131,8101,930,109,5677,1340,4246,-,217,13927,5253,2690,141,1269,125,-,5895,6312,-,9632,3489,66,5839,3760,148,29882,38095,6760,31285,30902,19750,342,11364,3983,-,2074,-,90778,117292,10419,94,24440,-,16050,8594,375,897,-,2531,24324,3834,-,25734,-,8352,28215,8764,-,-,182,278,51,580,8137,3269,-,9047,7610,31202,1407,11226,-,3321,553,2271,-,-,7265,5437,2542,14351,7584,4927,219467,-,926,59,3944,241,1750,-,1333,42,43,-,511,761,94,-,5271,4476,159,455,6458,597,-,-,3319,1038119,0,-,4029,205,15,-,8,-,142,-,39,-,-,12,153,-,6,679,166,-,-,-,-,4,-,7,-,-,-,-,-,1,5,-,272,-,19,-,-,-,-,258212,-,-,-,83,43,634,-,3290,-,1061,5373,10046,145,-,-,13,11613,55183,-,-,-,-,8102,-,13923,318,-,-,235272,-,-,17180,-,-,372182,10,-,-,27621,12053,-,-,-
1994,1486357,4322,13337,-,101052,69995,210442,-,3095,1480,2035,3143,1119,384,44,-,848,1466,473,574,2228,655,456,-,2534,3570,296,193398,-,7605,2363,3501,23974,4527,9849,1983,157,4182,1540,3337,-,276,8667,1512,2498,70,1144,52,-,4896,5064,-,9466,3036,71,3528,2243,45,21703,38433,7370,36707,37212,24630,299,4382,3865,-,1850,-,88446,134558,21483,98,31063,-,25319,10995,565,1363,-,2265,18510,4993,-,17904,-,8131,20710,9128,-,-,201,177,8,1293,11383,1245,-,10516,6737,14595,1561,6551,1,2516,601,2731,-,-,8515,2964,2285,12446,7899,4138,189572,-,1386,8,3714,3198,2117,-,1144,77,28,-,164,1190,388,-,5388,7581,213,514,5814,527,-,-,5015,1072126,6,-,5270,98,12,-,8,-,83,-,12,-,-,1,209,-,9,751,143,-,-,-,-,13,-,22,-,-,-,-,-,0,6,-,517,-,58,-,-,-,-,172313,-,-,-,104,45,126,0,10375,-,429,7486,19035,77,-,-,646,13646,39764,-,78,-,11,7754,-,42822,-,-,-,269581,-,-,30421,-,-,411602,-,-,1,31669,6918,-,-,5
1995,1425213,3990,13674,-,94596,70394,200481,-,6544,1531,1914,2262,925,517,38,-,1816,2065,273,521,2027,341,552,-,1744,1941,209,230679,-,6903,2164,3586,18345,4806,10896,2574,199,10178,1695,2979,-,546,17429,871,1944,40,1195,68,-,4282,8173,-,9677,2520,260,2848,1604,19,19667,12269,7931,13539,25173,20025,466,1755,8622,-,2227,-,91183,117161,17651,79,33155,-,24854,5414,1242,1406,-,2399,16495,2168,-,12298,-,5224,18262,8834,-,-,159,199,15,1484,9038,1415,-,9225,4905,15041,2715,428,4,3634,473,2942,-,-,8270,2567,1222,10803,7027,3870,200897,-,633,25,3707,2067,1891,-,1016,62,42,-,979,-,145,-,3868,7798,283,530,6179,497,-,-,1985,996451,9,-,6733,193,2,-,9,-,25,-,16,-,-,0,159,-,0,985,174,-,-,-,-,34,-,14,-,-,-,-,-,-,7,-,404,-,34,-,-,-,-,191156,87,-,-,61,59,66,-,13027,-,478,7169,15260,122,-,-,51,9357,75353,-,6,-,-,3675,0,22626,1,-,-,192960,-,-,27295,-,-,386819,-,-,2,37679,4344,-,-,-
1996,1623822,3632,18066,-,74461,57274,415003,-,9687,990,2317,3825,1178,386,41,-,2792,2501,472,545,2315,350,762,-,1616,1598,162,237128,-,4445,1940,3977,10663,5073,9484,2509,248,9708,1854,2793,-,801,6419,785,1644,75,1343,58,-,4200,11720,-,6613,2900,102,3683,1411,49,17314,14542,4908,18560,22894,19716,630,1772,5525,-,3127,-,74172,116795,15754,133,37362,-,23813,3405,1121,1242,-,1783,18411,2211,-,11560,-,2975,18259,7361,-,-,161,188,20,1200,6053,995,-,10944,3833,12392,2315,2583,176,834,782,2191,-,-,9374,1484,1380,11611,6064,3709,252618,-,549,13,2802,3641,1979,-,873,189,54,-,1795,120,68,-,6642,3551,57,381,8086,373,-,-,1594,874810,12,-,8861,266,9,-,2,-,27,-,14,-,-,-,116,-,-,1922,114,-,-,-,-,27,-,19,-,-,-,-,-,7,6,-,377,-,5,-,-,-,-,185339,20,-,-,84,102,27,-,4473,-,183,6843,18478,47,-,-,3,20166,70058,-,915,-,-,4205,-,13093,0,-,-,166199,-,-,35640,-,-,305813,-,-,8,23054,8272,-,-,4
1997,1367406,3412,18079,-,67170,67804,160448,-,18626,1193,1592,910,1501,559,24,-,3115,2194,481,596,2230,333,1419,-,2041,1722,207,230911,-,6373,1177,6064,5593,919,10770,1565,199,7471,1813,3601,-,332,11173,565,1289,86,522,161,-,5564,5045,-,8832,4196,111,1880,2518,6,19136,22766,13836,9041,21769,13178,349,16318,13214,-,3223,-,74721,109405,11430,815,38896,-,19030,2729,918,1911,-,2102,15624,1976,-,13974,-,1617,17210,6878,-,-,203,214,196,2028,7179,493,-,8851,4081,16854,2075,1587,-,4098,667,3211,-,-,14346,2082,1455,10103,8236,4613,224959,-,837,35,2771,2780,2217,-,949,90,24,-,761,70,102,-,4490,6182,85,92,7783,490,-,-,3064,1015134,2,-,26274,703,5,-,12,-,115,-,30,-,-,-,302,-,-,11069,245,-,-,-,-,201,-,2,-,-,-,-,-,126,35,-,1533,-,-,4,-,-,-,200973,33,-,-,7,637,5,1,2843,-,19,6585,13958,47,-,-,22,13156,63572,-,15,-,-,2442,-,22318,0,-,-,140236,-,-,33466,-,-,431872,-,-,-,34470,7794,-,-,5
1998,1308336,2600,20135,-,74851,53998,172925,-,4609,1160,2002,0,2957,688,77,-,3371,1490,476,534,1810,80,1657,-,1840,1299,215,249519,-,6232,1285,9620,1974,1029,13210,1777,48,3897,2092,2510,-,294,22809,503,654,146,964,186,-,4962,3970,4801,-,2857,56,7911,1506,12,11913,22132,11349,7595,15011,12443,381,9364,13340,-,1764,-,110197,104222,13813,459,33146,-,10274,3249,458,1245,-,1138,15993,3651,-,19365,1431,1325,9905,9192,-,-,87,71,42,580,2877,12114,-,2411,2862,14585,3472,1078,73,6456,1311,1469,-,-,9652,2563,4119,6395,12038,7999,163016,-,1959,56,1410,891,1439,-,986,635,1,-,500,15,19,-,784,3136,116,280,3856,61,-,-,3191,777230,-,-,22277,940,1,-,51,-,146,-,134,-,-,-,266,-,0,12544,231,-,-,-,-,106,-,-,-,-,-,-,-,619,8,-,846,-,-,-,-,-,-,175926,1,-,88,3,360,33,-,5041,-,-,68,17178,-,52,-,190,23029,17785,-,0,-,-,5650,-,8177,0,-,15711,191578,-,-,7931,-,-,239742,-,-,-,24993,5298,-,-,227
1999,1336062,3948,19569,-,64434,50494,177540,-,11400,913,1679,-,2933,531,20,-,2861,2449,894,619,1651,12,924,-,1117,897,35,238934,-,1392,1566,8627,6674,3374,15235,2196,107,4787,1813,2760,-,270,19502,449,836,43,421,92,-,9678,3406,4806,-,2248,57,1005,1900,0,10160,13552,9511,17142,13490,14500,265,2999,20010,-,662,-,96782,90038,11819,1134,22366,-,11875,4620,485,814,-,480,19389,3633,-,11778,1645,1672,11690,7283,-,-,43,79,6,1331,7620,6503,-,4325,1751,13963,1799,112,73,6771,534,1414,-,-,7333,6652,1629,5966,8179,5117,249991,-,564,29,1182,1142,1204,-,1001,418,13,-,577,24,24,-,600,2307,142,391,7423,183,-,-,793,765252,-,-,21368,797,5,-,92,-,176,-,186,-,-,16,236,-,15,9459,721,-,-,-,-,347,-,-,-,-,-,-,-,35,0,-,1142,-,-,-,38,-,-,177259,1,-,-,0,377,3,2,2511,-,-,-,16135,17,19,-,1104,8550,15042,-,11,-,-,11292,-,11845,0,-,12779,205706,-,-,25447,-,-,213706,16,2,43,22679,5873,-,-,200
2000,1189000,2309,15423,-,81050,31345,145908,-,19883,956,1607,-,1201,918,29,-,3245,1571,1766,658,1664,59,986,-,1339,788,795,201192,-,766,1999,4814,4603,9693,7838,1864,100,2978,2682,2105,-,354,25641,262,1148,79,-,92,-,8730,4930,16293,-,2310,28,2554,1862,1,8303,19510,6366,2207,19630,7105,134,2891,13473,-,256,-,71335,74994,12842,756,16281,-,9372,5263,461,1211,-,578,13985,2621,-,10488,1136,818,15939,7281,-,-,37,76,0,2273,4149,4184,-,2468,1572,20982,1430,411,103,5795,318,1133,-,-,8134,1267,885,5861,8718,4569,226309,-,438,3,1461,1440,1419,-,1882,1,0,-,350,15,29,-,1717,2872,66,220,6062,64,-,-,1627,653373,-,-,14127,605,6,-,221,0,412,-,386,-,-,51,494,-,2,8473,225,-,-,-,-,968,-,-,-,-,-,-,-,9,7,-,1158,-,-,-,-,-,-,177079,-,-,-,20,2371,46,1,820,-,-,-,17927,-,-,0,1998,10618,11713,-,15,-,-,13889,-,2336,-,-,12940,130488,-,-,14160,-,-,212429,0,-,164,11654,5288,-,-,273
2001,1252099,2880,14503,-,79898,24502,203717,-,5336,613,1707,-,1566,612,28,-,3295,1286,2458,512,1049,5,913,-,1419,703,758,273927,-,207,2156,6475,766,3831,6819,998,10,3735,2765,2238,-,426,25513,389,1013,140,-,149,-,9784,5813,4803,462,1699,19,1261,1080,3,7676,17537,9120,129,7938,2986,40,1578,8491,-,211,-,91781,67070,13016,1001,12973,-,9001,3145,415,582,-,513,11705,2385,-,8077,4257,730,10056,6274,-,-,38,66,11,1964,3409,923,-,5774,1452,20004,1044,2002,43,3828,153,1085,-,-,6472,1443,898,5911,9668,4294,225616,-,501,49,1454,1004,900,-,1302,11,1,-,357,13,22,-,2664,3768,35,404,7024,40,-,-,594,655827,-,-,16426,873,20,-,275,-,641,-,94,-,-,45,95,5,63,9254,76,-,-,-,-,1415,-,3,-,-,-,-,-,3,9,-,2081,-,-,-,-,0,-,174117,-,-,-,29,66,25,6,3842,-,-,-,16433,26,0,-,1240,7359,13653,-,282,-,-,15084,-,4603,-,-,14146,167909,-,-,17506,-,-,175490,-,-,7,6865,5760,-,-,1
2002,1095812,2356,13816,-,60172,19793,141751,-,7099,670,1822,-,1479,558,9,-,2344,3381,1968,764,1341,6,1084,-,1466,388,33,236315,-,215,1148,5374,788,2247,6191,734,15,3110,3227,1669,-,325,25956,243,585,260,-,111,-,8887,9500,5145,7,1199,33,627,883,0,17210,26037,4717,8,10941,3240,19,933,1941,-,227,-,71691,57327,18659,896,9166,-,6753,4132,391,222,-,217,7013,1736,-,7206,936,1555,7950,7193,-,-,26,49,0,2162,3464,790,-,6730,702,14758,1704,810,46,3500,228,946,-,-,4723,1920,836,5297,12408,3911,226656,-,383,59,1459,966,833,-,1936,29,0,-,88,2,-,-,1089,2150,117,558,5081,412,-,-,901,781519,-,-,23348,2006,39,-,685,-,960,-,234,-,-,19,186,-,29,16550,86,-,-,-,-,3898,-,-,-,-,-,-,-,0,33,-,1403,-,-,-,-,-,-,182229,-,-,-,85,5,219,-,413,-,-,-,10652,5,-,-,577,4745,13201,-,302,-,-,5266,-,9613,-,-,7174,209995,-,-,24873,-,-,242135,4,-,72,11016,9291,-,-,171
2003,1096526,2566,13107,-,62861,18880,122044,-,1424,411,1801,-,1564,1525,26,-,3739,1928,1826,866,1303,5,756,-,1322,789,644,250106,-,242,1299,3671,885,3718,7496,460,14,2486,3811,2222,1407,220,22608,213,730,225,-,123,-,7877,10486,2419,1047,1495,42,3083,800,63,17451,20454,6518,18,7098,2354,11,1429,3571,-,222,-,28767,66002,9478,1889,19262,-,6798,3988,393,148,-,240,12885,325,-,7875,2721,2600,20201,14065,-,-,21,73,32,1023,5694,5267,-,21240,6311,13148,6918,1288,15,2443,509,817,2680,-,5533,872,758,7248,5121,5200,233254,-,171,994,1607,836,1281,-,1622,122,-,-,37,7,-,-,942,467,62,27,2744,182,-,-,564,826245,-,5,34533,2778,101,-,1084,-,4417,-,1287,-,-,7,114,-,14,23771,167,0,-,-,-,4093,-,-,-,-,-,-,-,3,19,-,2324,-,-,-,-,-,-,238326,-,-,-,1065,23,189,0,2440,-,-,2,27494,167,73,-,783,4696,15785,-,20,-,-,2047,-,3116,-,-,3248,193553,-,-,25259,-,-,198172,-,-,53,33661,1355,-,-,1
2004,1076687,2320,12038,-,66291,18727,184274,-,2960,1137,1737,-,1382,3336,50,-,1755,2472,2641,820,1405,15,518,-,1408,1105,29,196646,-,64,974,5321,755,1888,9286,320,8,3971,3774,1266,2578,65,26622,172,803,302,-,148,-,8023,11885,223,2419,1477,16,772,766,58,16506,25513,4313,215,17570,2443,16,1267,5113,-,259,-,11990,57110,2683,2605,23113,-,8110,2575,595,848,-,132,7889,414,-,7383,763,2101,25690,9507,-,-,19,82,18,950,3363,2571,-,13433,5456,12902,6860,2846,15,2471,257,588,5380,-,5671,905,793,7023,5953,5048,212760,-,106,211,1301,1115,1154,-,1741,3,0,-,-,48,-,-,719,1791,11,616,5284,71,-,-,517,917715,-,50,32141,1850,36,-,1379,-,3988,-,1430,-,-,-,45,-,48,19576,132,2,-,-,-,3596,-,-,-,-,-,181,-,19,3,-,2426,-,-,-,-,-,-,239270,-,-,-,1260,173,79,-,10849,-,-,-,27570,127,-,-,1997,3134,20409,0,21,-,-,2590,-,6349,-,-,237,228554,-,-,22510,-,-,261574,-,-,142,22814,1154,-,-,-
2005,1097041,2446,15319,-,60086,15495,135596,-,4319,607,2112,-,1173,2858,32,-,3324,2401,4272,1117,1186,78,513,-,1404,7486,77,249001,457,25,1302,2876,1756,6955,11448,287,22,2226,3000,1725,2554,38,33794,259,1396,375,-,129,491,9774,11448,1160,3925,1738,15,1048,810,11,14739,42608,6264,46,15272,3435,17,1055,7592,-,255,4732,13986,62075,3714,3240,21926,-,10383,3364,742,989,-,282,7352,834,-,8269,980,1696,27320,8498,-,-,66,136,13,826,128,1827,-,5201,2240,14447,3135,945,32,3453,230,724,6534,-,3561,1325,1304,7658,7637,4390,189126,-,77,62,2035,1485,1135,-,561,13,7,-,9,128,2,-,4740,3079,84,3083,3520,246,-,-,301,1041074,-,80,40075,2600,155,-,2671,-,5816,-,2048,-,-,-,57,-,76,21297,339,9,-,-,-,5500,-,-,-,-,63,576,-,74,1,-,1399,-,-,-,-,-,-,251706,-,-,-,2062,215,80,-,3226,-,-,-,17401,47,2,-,4950,2548,43953,-,65,-,-,1412,-,9334,1,-,80,197610,-,-,108327,877,-,281871,-,-,1597,30058,814,-,-,2
2006,1108815,3126,19879,-,63739,19375,101427,-,697,369,2298,-,1173,2044,11,-,2715,2647,6810,1055,1537,135,502,-,1489,2081,17,265346,910,60,2002,5073,953,2967,13873,338,165,3368,3713,1400,2968,125,36484,208,1887,888,-,143,321,8835,12226,1546,4197,1948,37,1294,672,15,15242,23227,7315,0,21428,6686,19,1071,12496,-,392,4429,15655,73715,6894,4062,23890,-,10184,4272,772,1261,-,215,7810,980,-,12353,1022,1434,31016,7496,-,-,54,116,23,662,612,4366,-,7597,854,7559,4490,272,0,5409,148,1184,3399,-,3743,1988,1354,7397,7894,4032,197084,-,43,8,2596,1105,1614,-,749,2,11,-,12,473,1,-,3569,3012,328,2875,2933,164,-,-,374,1259274,-,184,43852,1571,46,-,2705,-,4386,-,1689,-,-,13,66,-,248,27517,496,8,-,-,-,5651,-,-,-,-,34,2519,-,137,1,-,1022,661,-,-,-,-,-,283296,-,-,-,3050,292,256,-,5063,-,-,-,14327,107,-,-,872,2064,81617,-,116,-,-,1519,-,7127,-,-,1849,217559,-,-,201919,919,-,322371,-,-,165,21125,682,-,-,173
2007,1152299,3996,24340,-,66029,13817,143776,-,4740,293,3074,-,1007,2886,35,-,4134,3769,7533,947,1570,172,686,0,1501,1661,349,221110,884,35,3030,6524,795,1505,9489,547,215,2512,4037,1772,2966,77,42199,227,1979,729,-,186,383,11312,14417,1631,3682,1790,102,1266,1071,29,19399,19089,9873,106,34221,3383,18,2998,28280,-,375,3165,18247,85297,13606,4817,25388,-,8423,3885,734,704,-,315,12553,1010,-,12541,1321,1639,29316,6909,-,-,62,197,278,674,606,481,-,2601,1457,8640,2662,1817,0,7897,152,1620,3422,-,3284,1938,1657,8625,12033,6828,174479,0,51,1,2651,1127,2936,-,803,24,69,-,28,446,13,-,6384,2859,289,3950,2672,167,-,-,1288,1385804,17,301,41171,2361,146,-,2841,-,7213,-,1109,-,-,29,5,-,45,35564,415,12,-,-,-,4921,-,-,-,-,27,1225,-,260,1,-,463,858,-,-,-,-,-,321276,-,-,-,4350,286,134,-,28372,-,3,-,18819,181,-,-,3870,3015,98121,-,219,-,-,2309,-,9318,-,-,3594,210956,45,-,250049,490,-,309097,-,-,158,20909,684,-,-,565
2008,1284890,2236,20162,-,72313,11046,187240,3216,4909,462,4184,-,934,3743,45,-,3702,2720,5395,1140,1073,91,1304,190,1389,909,102,261532,581,0,4588,12643,4893,567,8120,656,131,2820,4477,1111,2760,166,40809,245,1478,1135,-,223,229,8248,17931,6702,4033,2082,186,758,1306,37,18437,22752,7187,108,33200,3868,9,2631,45472,-,1208,4385,19767,87631,17596,3019,28293,4862,4438,2496,554,259,-,254,14934,1646,-,8339,941,1133,29185,3055,-,5592,102,70,15,1037,146,1320,-,1444,1344,20761,1415,364,4,5487,1228,2448,2672,122,2364,3034,2378,7879,11838,4052,186160,864,68,0,3555,1482,2256,107,436,1,11,-,2,1170,260,-,3114,1093,63,1400,2721,295,0,-,3736,1381003,160,195,46432,2007,46,-,1588,-,7424,424,19,-,-,13,208,-,57,32992,263,1,-,-,-,6149,-,-,-,-,62,397,-,569,-,-,130,1794,-,-,-,-,-,249976,-,-,-,5146,421,68,-,1637,-,213,-,15541,39,-,-,1318,1903,67442,-,-,-,-,2620,0,7826,-,4899,-,224242,-,-,285221,1059,-,381076,-,-,1186,17701,8003,2536,-,-
2009,1226966,2593,19687,-,85450,12074,117960,57369,3550,518,5439,-,1114,3454,55,-,3307,3939,6870,1097,1215,301,1864,127,1634,1058,279,203728,1842,1,4770,14080,5983,137,5929,682,231,4368,3178,1033,2514,148,36793,341,1430,728,-,256,253,6178,14961,2380,3503,2220,25,191,1650,18,13507,22087,5826,47,34033,2078,1,8280,37514,-,3254,4951,13419,100126,31302,2372,29993,6882,2761,3452,1111,219,-,297,13722,1048,-,5936,1031,1288,24254,2534,-,5799,34,192,50,864,331,3865,-,698,807,22488,1396,3504,16,7368,5638,3399,1918,15,3734,3396,2260,7013,15386,4285,189160,1564,148,5,2846,1107,2789,10,334,23,113,-,354,670,381,-,3882,822,36,553,2590,297,3,-,1119,1313355,379,249,54674,2395,180,-,1694,-,9226,914,4,-,-,5,304,-,27,33020,270,-,-,-,6,5581,-,-,-,-,8,34,-,546,-,-,81,1812,-,-,-,-,-,240911,-,-,-,6207,348,74,-,2966,-,-,-,17905,64,-,-,1320,1714,55035,-,-,-,-,3845,-,7208,-,5690,0,211444,-,-,306183,1826,-,309155,-,-,1796,19533,5903,2819,-,-
2010,1132536,2021,20107,-,59242,5003,94331,5203,2564,-,6035,-,1154,3105,39,293,4710,4236,7289,916,1549,1200,2412,109,1754,688,-,249636,5218,1,3913,19468,1787,-,8871,846,1,3194,2351,1455,2103,192,35778,525,1477,979,-,-,873,6587,13104,13557,0,2215,177,1470,1358,15,13757,19305,8282,61,31931,1972,0,3475,25005,723,4131,5402,21043,108199,33193,2606,30749,6456,2425,2587,1093,252,-,123,18861,652,-,8099,1103,-,22686,-,3018,7242,27,208,132,2315,248,3959,-,1393,698,12818,1146,949,-,10224,5720,3271,1950,-,2376,4105,2203,6954,10813,2977,159130,1416,179,1,2868,1076,2687,160,147,8,9,-,180,118,256,-,4783,3715,-,451,2366,368,29,-,760,1355000,552,285,40925,1952,270,-,2254,-,6300,902,9,-,-,32,141,-,111,20918,280,-,-,-,-,4657,-,-,-,-,7,-,-,515,-,-,26,2705,-,-,-,-,-,267776,-,-,-,6228,253,109,-,1155,-,-,-,23430,-,-,-,748,1560,54440,-,0,-,-,2920,-,6364,-,5504,-,235534,-,-,241322,2383,-,393616,-,-,1394,21133,4531,1759,-,-
2011,1235489,2277,20017,-,33101,13990,138729,11847,2691,396,4675,-,1437,2491,39,148,2054,3834,8585,962,923,631,2490,122,1696,828,-,292730,3211,1,3958,9935,1685,-,6600,1007,-,3797,2657,1617,2103,225,29294,345,1501,1063,-,-,594,6912,15808,7439,-,2331,60,81,1219,23,15896,42853,5766,2477,59226,1787,3,1606,23448,358,2925,5604,30495,101723,26608,2567,32520,5773,2345,1944,1151,52,3,74,20728,1052,-,5735,1171,-,24985,-,2877,6913,3,162,51,1387,544,1581,-,1444,372,12230,793,251,-,7521,3692,2226,2314,-,2884,2461,2495,6445,10421,2596,171643,1064,290,17,2467,1730,2259,117,141,43,0,-,90,220,289,-,2742,5011,-,396,4797,305,4,-,890,1477546,1081,75,40805,1835,150,0,1233,-,3498,711,11,-,-,1,34,-,121,17338,307,-,-,-,-,4850,-,-,-,-,0,136,-,263,-,-,16,2844,-,-,-,-,-,281022,-,-,-,6779,403,272,5,1616,-,-,-,25699,7,-,-,830,2110,70416,-,0,-,-,2655,-,11676,92,6372,-,316428,-,-,246701,2529,-,394003,-,-,1005,23351,6085,2179,-,2
2012,1091034,1807,19868,-,32526,7760,125143,3324,2431,381,4392,-,1381,2742,39,242,1704,5493,8682,803,1307,180,2598,124,1732,1097,-,221980,1823,1,3673,9021,2036,-,4986,1152,-,3021,2922,1610,2341,152,33377,313,1352,1584,-,-,695,4752,12090,4261,-,1894,47,551,1341,43,16365,31098,11002,918,36840,1789,6,1419,28013,320,2123,4101,27618,105234,26861,2318,36973,5314,1874,1699,1303,352,-,59,20221,1328,-,5961,969,-,18424,-,2950,6776,5,168,151,655,402,1945,-,531,264,12405,572,426,-,6557,560,1735,2037,-,1493,3136,2231,5799,10080,3415,181408,1133,207,6,2351,1448,1935,8,77,35,6,-,39,153,104,-,2184,3532,-,593,2242,592,2,-,641,1488950,601,275,39371,1522,52,3,1138,-,2870,640,36,0,-,0,181,-,3,23085,205,-,-,20,-,5839,-,-,-,-,-,120,-,346,-,-,35,2784,-,-,-,-,-,284856,-,-,-,6564,519,17,-,2232,-,-,-,12623,-,-,-,81,1872,61310,-,0,-,-,2492,-,9031,10,5868,22,349827,-,-,308601,1354,-,339924,-,-,855,13024,6002,2739,-,-
2013,1044697,1849,18171,-,47099,7154,102114,12656,3300,672,4295,-,1408,3449,26,464,1699,6306,9133,654,1766,80,2289,102,1225,948,-,209102,2434,1,7918,13625,891,-,5387,1190,-,3860,2411,1573,1757,190,29394,332,1157,1564,0,-,523,3168,11686,3503,-,1749,132,1136,862,25,13405,15072,8695,3565,35279,2260,20,1295,45127,398,1651,3797,31529,105537,30448,1868,38013,2929,2147,1924,704,472,-,221,18930,1154,-,5628,1099,-,12751,-,2698,6193,5,119,44,310,218,1070,-,1968,208,13565,132,471,-,5060,377,1967,2199,-,1280,4025,1494,5061,9109,2340,154555,1749,91,7,3091,1573,2112,20,210,28,13,-,4,235,16,-,2787,2724,-,132,1617,373,0,-,637,1515210,840,206,36944,1248,56,-,913,-,2755,782,16,-,-,-,145,-,62,23757,188,7,-,9,-,4788,-,-,-,-,1,95,1,296,-,-,42,3785,-,-,-,-,-,239779,-,-,-,7479,484,62,-,1590,-,361,-,4580,32,-,-,1,2227,34429,-,-,-,-,2759,-,10282,23,2881,-,405525,-,-,373264,24,-,327375,-,-,2045,13311,5034,4727,-,-
2014,1058598,1857,18905,-,46930,7222,127450,2471,320,915,4008,-,1600,2829,28,1314,2520,4679,13402,706,1932,194,2169,92,1421,503,-,221375,2845,2,6389,11158,1497,-,3419,1796,-,4002,2362,1594,1570,557,29537,294,1390,1661,0,-,516,2944,12903,2577,157,1685,316,1125,1272,61,13254,24005,8795,335,27621,2248,6,2407,23821,540,1874,4225,23069,102272,25242,2412,38189,3101,2450,1110,589,650,-,213,18334,895,-,7845,1243,-,19794,-,2322,7342,10,175,55,376,143,893,-,1567,153,12490,300,1910,-,4701,110,1766,2329,-,1091,3333,1479,5274,9823,2486,163896,1245,110,0,2700,1670,2075,2,4443,32,16,-,12,90,37,-,3517,3180,-,304,1443,875,0,-,86,1546715,2377,172,43413,1004,67,-,929,-,4066,1002,16,-,-,51,198,-,27,24598,176,-,-,60,-,4839,-,-,-,-,4,130,16,293,-,-,13,4488,-,-,-,-,-,283240,-,-,-,8977,956,91,0,935,-,31,-,7213,46,-,-,1,2921,51463,-,-,-,-,1641,-,7037,9,7025,-,397841,-,-,372311,145,-,283707,-,-,5550,16563,6055,5021,-,-
2015,1058319,1308,14925,2828,41049,6493,131735,8889,573,1172,3705,-,1511,2878,30,722,1156,4762,7820,780,1901,220,2062,101,1898,409,-,211574,3223,3,4572,8827,2852,-,3314,2306,-,4200,2399,1771,1711,663,37872,267,1340,1418,11,-,510,3142,11888,2110,-,1984,404,1448,1402,80,12641,43362,5473,2911,33254,1332,4,2040,25903,358,2349,4608,26159,90002,16374,1915,41647,3425,2484,1651,615,581,-,76,11730,560,-,7537,1407,-,21484,-,2680,6949,4,145,24,645,175,1152,-,1571,732,15241,424,80,-,4510,51,1566,1828,-,1293,5329,1166,6690,8753,2232,155743,1916,194,39,2963,1507,2211,3,582,64,37,-,10,302,93,-,3963,735,-,266,947,913,2,-,494,1667872,1841,113,45759,1780,134,-,1383,-,6169,1050,16,-,-,40,629,-,51,18774,165,-,-,37,-,6834,2,-,-,-,1,207,72,392,-,-,13,5515,-,-,-,-,-,265146,-,0,-,10090,1557,0,-,96,-,10,-,10276,36,1,-,50,3167,51642,0,-,-,-,4119,-,21326,-,4513,-,386646,4,-,442637,86,-,333061,-,-,3895,28157,6603,3777,-,-
2016,907580,981,12023,3021,32331,2179,133200,22244,869,598,3555,-,1841,3195,44,1031,1065,7497,4975,809,1826,208,2069,94,1958,521,-,140958,1007,6,4068,14642,2003,-,4747,2330,-,4768,2121,1416,1268,434,35886,223,1400,1246,23,-,528,2057,13838,7265,-,1795,195,3507,1378,82,12631,21620,4612,5208,19271,616,2,1805,24207,514,1998,5019,23483,83612,11751,1572,36180,4115,2155,1765,508,665,-,556,16207,918,-,6335,885,-,14076,-,2115,7143,5,91,26,756,329,127,362,999,229,13517,288,293,-,8170,570,1164,1741,-,675,4453,1137,6399,9408,2278,121691,1849,564,1,2172,1281,2108,0,778,36,10,-,11,517,60,28,2426,2831,-,224,1455,1029,-,-,237,1872400,1737,247,41620,1878,217,-,1422,-,5321,908,27,-,-,27,370,-,21,18032,228,-,-,12,-,7110,100,-,-,-,18,390,35,417,-,-,1,5791,-,-,-,-,-,268841,-,0,-,12342,2995,19,-,142,4631,10,-,14566,6,-,-,44,3063,54642,-,-,-,-,1201,-,31353,4,6101,-,409408,24,-,433246,-,150,496290,-,-,4279,32762,7158,3193,-,-
2017,926941,857,11212,2870,54481,2200,103870,11390,757,997,3989,-,1410,2964,90,743,793,4965,6479,896,1600,141,1902,156,1624,395,-,210943,3241,1,3527,16483,1501,-,5909,2371,-,3790,2179,1466,1105,422,38306,177,1682,1297,12,-,478,2000,15335,7024,-,2146,143,172,1081,77,10965,21294,10562,8187,19398,342,1,1726,32519,509,2087,4177,13972,75988,12941,1789,29686,3889,1905,2392,3,359,-,852,12812,817,-,7838,705,-,14539,-,2903,7372,5,107,49,380,59,30,313,1877,144,17261,462,950,-,5355,399,1393,1378,-,795,4870,1017,6067,10082,3460,87024,2863,140,3,1895,1139,2013,1,1045,44,68,1,20,90,12,4,2120,2781,-,171,2068,675,-,-,118,2315775,2564,203,41207,2046,443,-,1725,-,6806,714,53,-,-,102,204,-,21,22344,198,0,-,81,-,6828,70,-,-,3,-,225,70,491,-,-,18,5144,-,-,-,-,-,315255,-,-,-,16027,3493,2,-,85,2369,52,-,10435,-,151,-,1,4125,76161,-,-,-,-,1865,-,26273,32,6361,-,523648,5,1634,542285,-,301,622613,-,-,3980,54624,6159,6276,-,0
2018,1011536,1144,12292,3009,49450,2647,141530,74403,708,610,4762,-,2012,3949,54,619,2823,4183,7511,1053,1222,419,2809,238,1549,614,-,188684,1184,9,2805,13434,1827,-,8268,2740,-,3976,2259,1750,1079,693,32089,184,1891,1506,5,-,492,4961,13448,7048,-,2064,202,740,984,121,11766,27050,11523,7271,23274,382,4,2195,24035,700,2269,4118,21023,74506,11770,2162,20344,8429,1096,2689,3,143,-,543,13478,1149,-,11784,917,-,37176,-,2444,8162,1,112,135,805,16,12,528,1227,736,31611,28,150,-,5854,827,1009,1727,-,1281,6039,1209,5725,9744,3773,46274,2316,539,1,2555,936,2102,0,325,166,29,0,85,1,-,4,6305,1107,-,48,3374,196,3,-,678,2249605,3373,280,37241,1024,292,6,1452,-,5103,902,92,-,-,71,440,-,8,22702,211,2,-,71,-,6382,-,-,-,8,-,445,8,408,-,-,-,5492,-,-,-,-,-,303183,-,-,-,20053,5329,1,-,55,4439,-,-,19853,-,44,-,-,8476,49485,-,3,-,-,403,-,37312,14,5116,1,567162,-,862,572600,-,263,515666,-,-,3349,36170,6783,6969,-,-
2019,911852,1134,14672,3499,43479,1754,101121,20252,272,650,4107,-,1941,3859,50,701,4243,3066,9520,952,1291,545,2210,312,1852,414,-,171677,656,0,3411,15928,2168,-,8678,3471,-,4421,2136,2028,1043,321,37841,197,2038,1660,0,-,309,5293,18458,14252,-,1901,96,2226,993,103,12447,43053,10564,2218,25741,506,41,2650,25771,1287,1977,3208,14720,64340,12306,2134,15874,3990,1186,2819,0,115,-,297,12844,2176,-,9411,1189,-,31092,-,2298,10190,4,114,205,284,46,42,2126,737,1284,23773,18,49,-,7296,154,803,1578,-,518,8762,1072,5918,9808,3828,51817,1362,443,1,2477,953,2362,5,189,73,15,0,0,5,139,0,4952,654,-,249,626,287,23,-,1500,2410040,3669,230,43360,774,145,19,954,-,5502,1262,80,-,-,47,650,-,21,20348,207,-,-,161,-,6609,1,-,-,9,-,390,46,719,-,-,1,7542,-,-,-,-,-,326190,-,-,-,18436,5082,184,-,37,8375,-,-,22254,-,-,-,11,3034,59759,-,-,-,-,1178,-,26040,93,3919,-,605767,0,1769,662558,-,176,520267,-,-,3258,39214,6306,3386,-,-
2020,933880,1027,16360,5561,65719,2506,77603,5236,644,759,3182,-,1675,3041,60,606,4363,5114,5507,983,940,336,2196,333,1945,333,-,216748,556,-,4121,13051,1177,-,7637,3233,-,2636,1643,2062,925,307,32949,208,2246,2379,0,-,369,4114,13448,13196,-,1381,99,629,1168,118,13229,46207,9261,1139,41039,351,61,2010,21035,2054,2063,3658,10110,71756,15417,1740,15548,2785,2510,2555,1,77,-,67,19422,1479,-,9443,712,-,25805,-,2376,9530,4,103,131,128,70,18,707,2062,939,27701,33,439,-,4970,250,633,1289,-,1879,5183,1326,6071,8988,4306,56989,1909,290,0,1576,903,1610,5,1685,214,16,0,0,9,58,1,5119,485,-,94,442,303,0,-,824,2308407,3336,247,43813,843,79,26,611,-,5745,682,69,-,-,57,772,-,19,21568,247,3,-,89,-,8449,7,-,-,30,-,789,112,693,-,-,1,8124,-,-,-,-,-,300084,-,-,-,20059,5591,-,-,40,6725,-,-,18054,-,-,-,-,2248,61968,-,-,-,-,1414,-,30613,50,3512,-,536127,-,3672,675074,-,274,501501,-,-,7108,27575,8242,2063,-,-
2021,942875,974,17683,5010,63056,2634,122170,28859,986,545,2923,-,1856,3067,69,506,1624,2760,5629,1062,1144,389,2394,181,2130,267,-,143414,1174,-,4824,15046,2828,-,8194,3011,-,3716,1617,1673,984,208,30950,233,2016,1801,0,-,278,4484,16854,17776,-,1516,158,3415,1226,83,12692,49692,11204,90,31562,319,125,1913,14025,3121,2428,4412,11939,82488,19715,1971,21050,2973,2329,3204,5,144,-,92,19946,1259,-,9226,574,-,24006,-,2672,8954,3,99,119,385,116,55,789,3991,892,22018,84,447,-,6130,331,393,1116,-,3158,6693,1344,6472,9239,3338,60880,2655,372,1,1911,926,1656,5,1435,366,4,-,0,11,36,10,6374,413,-,46,443,912,1,0,161,2401120,6214,231,41776,1212,86,28,1009,-,8313,829,92,-,-,93,444,-,6,17473,226,-,3,91,-,10352,42,-,-,23,-,145,12,725,-,-,-,9545,-,-,-,-,-,305914,-,-,-,23199,5107,-,-,143,4506,-,-,23818,3,-,-,2147,1409,63672,-,0,-,-,2965,-,17400,16,2464,0,547413,-,932,685239,-,342,574504,-,-,11317,16497,7898,2981,2262,0
2022,888694,1177,14739,5181,54024,3546,110896,41678,283,382,3208,-,2306,2571,61,916,1014,1408,5734,1064,1369,397,2342,191,1919,301,-,132152,1133,0,6325,21270,1821,-,7751,4085,-,4336,1725,1535,776,185,35655,210,1493,1642,1,-,264,4888,13111,21049,-,1528,113,2250,1360,77,12727,37761,6650,12030,16400,556,472,1313,27810,3182,2647,3844,10266,88054,21809,1943,24694,2257,1505,1298,5,674,-,138,24566,1673,1834,4987,672,-,22994,-,2426,9063,3,89,72,345,4,34,1219,2488,639,14996,250,1255,-,5112,1053,409,943,-,1349,7263,1150,5383,7748,2957,36578,1492,398,1,3294,977,1704,14,1103,10,3,-,15,29,-,32,5837,238,-,62,266,170,-,-,80,2273631,7725,386,45827,920,220,49,1334,-,8083,603,173,-,-,-,643,-,68,16189,117,-,40,24,-,7756,12,-,-,44,-,113,20,754,-,-,-,9504,-,-,-,-,-,310483,-,-,-,22078,7129,-,-,46,5763,-,-,22704,-,-,-,1615,2405,53064,-,-,-,-,588,-,17928,2,1545,-,550221,-,2356,560839,-,320,584133,-,-,2462,14761,5088,3789,3708,-
2023,955955,1405,17897,4807,60595,2530,120089,42885,256,1289,4197,-,1775,2561,89,690,1030,611,6300,1175,1556,239,2926,203,2006,223,-,147770,735,-,5934,25372,3452,-,8066,4268,-,4881,1423,1675,782,236,45692,201,1600,1393,0,-,297,3872,11885,6377,-,1481,83,1105,944,80,15123,38681,10107,48027,15117,908,442,1053,21318,3596,3119,3546,11768,89241,27150,2063,31584,2027,1436,2458,5,675,-,71,13229,1203,1766,4603,971,-,21070,-,3103,10757,3,81,18,228,309,10,1256,3372,109,29166,219,1073,-,5767,181,389,1040,-,1722,4892,922,5677,8283,2204,23343,2689,159,2,1757,1105,1573,4,571,4,1,-,10,-,7,65,2723,279,-,86,158,294,5,2,282,2269357,7730,248,39931,576,240,41,1246,-,6283,632,195,-,-,-,561,-,26,14429,86,-,12,5,-,6642,4,-,-,-,11,151,45,569,-,-,-,6996,-,-,-,-,-,310753,-,-,-,24126,12153,15,-,44,4844,-,-,2597,-,5,-,1016,4767,54322,0,-,-,-,860,-,24693,0,732,-,533249,-,3087,595931,-,362,566564,-,-,7594,17710,8287,2745,6243,-