시점,계,계,경기도,경기도,강원도,강원도,충청남도,충청남도,전라북도,전라북도,전라남도,전라남도,경상북도,경상북도,경상남도,경상남도,제주도,제주도
시점,연근해어업,고등어,연근해어업,고등어,연근해어업,고등어,연근해어업,고등어,연근해어업,고등어,연근해어업,고등어,연근해어업,고등어,연근해어업,고등어,연근해어업,고등어
1990.01,106848,7927,1270,-,8249,-,1768,3,5334,29,18309,61,6054,0,23630,44,2487,26
1990.02,89006,10042,1035,-,8480,1,1580,-,3986,6,17878,226,4473,2,14764,153,1773,9
1990.03,121790,4606,1301,-,7363,-,2806,-,6988,9,24452,13,5066,1,24198,6,1804,20
1990.04,126214,1994,1481,-,4890,1,4444,0,6016,5,25717,88,7482,0,21969,23,3611,30
1990.05,123928,2398,2940,-,6673,0,4641,2,7656,10,24120,107,6703,1,23065,95,3199,18
1990.06,122185,2723,14231,-,5434,15,4028,-,8365,6,23272,32,5987,2,20850,61,3036,3
1990.07,98908,5080,1136,-,4473,13,3912,-,6584,4,22206,30,5193,159,30072,51,2532,24
1990.08,108663,7192,1004,-,5574,91,3715,0,6166,3,21022,34,6054,217,37220,49,4593,30
1990.09,113158,5283,2689,-,5403,8,3622,1,8629,14,19352,28,9454,306,30869,75,6375,6
1990.1,137207,14520,3629,0,8528,46,3702,1,7789,12,25845,593,10410,323,30300,336,2115,7
1990.11,146277,9547,3757,-,6691,62,3193,1,8333,9,27477,587,8994,88,31711,200,2337,39
1990.12,177626,24985,2100,-,8668,3,2183,3,8395,24,47016,979,9816,49,33962,392,2198,182
1991.01,131037,26230,1275,-,7820,-,2001,3,6311,10,23523,139,3861,0,27981,24,1873,238
1991.02,69137,2539,1172,-,7029,-,1355,2,3568,14,13431,41,3290,0,14853,40,3689,0
1991.03,88989,12019,809,-,5919,1,2610,0,5781,16,16168,119,4648,1,12240,19,5765,52
1991.04,97076,6224,1249,-,4158,-,4921,1,5471,14,15688,216,7773,-,19383,152,4022,31
1991.05,99432,7429,2777,-,4443,0,5421,-,5594,22,14548,263,6189,0,18182,175,2685,79
1991.06,93657,1197,15188,-,4652,2,6339,-,7317,10,17072,5,7929,102,11228,6,5351,107
1991.07,72714,3278,1832,-,4512,0,4915,-,5285,-,13090,30,5180,11,18800,67,2453,25
1991.08,77480,5588,865,-,5748,57,4518,2,4548,0,12844,21,5528,157,21095,93,2112,38
1991.09,102468,8055,2471,-,7932,108,6901,0,6892,0,16177,115,10098,702,20879,132,6139,3
1991.1,122046,3836,3494,-,6663,207,6687,0,7308,1,17505,108,14281,688,33529,104,3750,22
1991.11,136028,3559,3499,-,12114,538,5497,1,7106,3,19114,231,13723,420,32162,235,2990,120
1991.12,136715,9784,2184,-,9172,12,3421,1,6754,6,20560,359,9975,39,36000,671,2568,104
1992.01,87938,3022,1443,-,7127,0,2150,1,5624,8,16808,167,6367,0,25131,297,1513,99
1992.02,73960,11138,1056,-,6886,1,1184,1,3283,51,9340,156,4062,1,12102,173,1499,50
1992.03,99701,9590,687,-,5762,0,3011,0,4248,17,13325,213,5828,0,17853,504,2564,58
1992.04,85160,4425,1153,-,2862,0,6936,-,4308,5,14416,209,4226,-,17561,156,3650,251
1992.05,80670,3868,2591,-,4141,0,6707,-,5247,7,11323,91,4334,2,15691,49,3639,85
1992.06,109167,2163,14162,-,4242,5,6152,-,6848,0,13544,2,5809,12,17353,28,4114,62
1992.07,79028,5453,1301,-,3510,3,3782,0,4943,0,12226,54,4078,50,23122,264,1852,158
1992.08,78660,14289,974,-,3377,24,3993,1,4645,17,13143,634,3718,548,20990,625,3379,67
1992.09,83395,4838,3095,-,8672,12,5327,34,4013,4,10198,131,10554,156,16937,179,3689,68
1992.1,146453,13321,4455,-,9826,87,5516,2,6213,22,18849,373,15973,20,29533,156,4930,62
1992.11,125353,12487,3108,-,5392,185,4354,9,7014,21,19385,470,11117,265,28277,38,6086,142
1992.12,157057,31025,1789,-,11360,2,3196,2,6495,10,17643,2431,13055,17,39518,1519,2363,244
1993.01,92611,9569,1607,-,5890,0,2672,1,3454,4,14512,1764,8098,1,24226,1337,717,5
1993.02,73617,6924,1225,-,7433,1,2393,6,3158,19,11612,282,4423,1,16888,4,1221,35
1993.03,117571,14312,1360,-,7029,7,3415,1,4070,4,20632,261,5965,1,29406,247,3970,176
1993.04,123182,9814,1989,-,4489,2,5197,0,4186,0,17502,476,5059,3,43297,381,2682,48
1993.05,126513,7840,4023,-,4461,0,7645,0,5124,0,34786,392,5361,0,28735,159,2924,186
1993.06,121018,8231,4524,-,5041,1,7435,0,6397,0,25735,356,6690,1,33157,409,5175,131
1993.07,124700,7383,1919,-,7104,0,3739,0,7698,1,23958,604,7521,284,18175,818,2452,128
1993.08,105940,19111,1751,-,7215,78,2932,4,6709,2,25629,884,9649,972,19715,1230,1663,302
1993.09,156673,18798,2738,-,9077,436,3162,2,9029,7,28893,2139,19735,1754,29805,1182,2924,210
1993.1,154300,14753,2911,-,9780,62,4365,6,7106,38,28434,1092,15262,1239,30645,443,6133,114
1993.11,147922,14958,9700,-,8686,46,4863,11,7853,42,24083,855,12295,866,29306,154,2978,155
1993.12,182092,42991,2986,-,10552,8,4139,8,7479,29,24314,3899,10652,30,41126,719,3231,559
1994.01,129803,29368,1313,-,3733,1,2950,21,6048,85,22849,2455,5090,2,32413,1076,2182,391
1994.02,60470,11433,1340,-,4326,-,1859,4,3224,28,8878,471,2377,0,12597,180,1188,45
1994.03,117367,22561,1516,-,6261,-,2251,5,4658,11,18703,2728,6744,0,28610,491,1602,82
1994.04,111252,21433,2515,-,5354,-,4242,1,5525,4,19843,3131,7194,0,20479,1563,1789,112
1994.05,120494,16430,3182,-,5614,-,7416,0,6401,2,28302,1410,6202,0,22155,1203,3122,133
1994.06,117808,7646,3583,-,5091,1,5582,-,9337,-,22288,19,8359,1,16959,356,4674,38
1994.07,106152,12500,1495,-,4795,17,3236,0,6813,0,29348,154,6840,65,26160,1515,2873,116
1994.08,85767,11648,1724,-,5845,339,2732,0,5913,0,21915,462,4491,536,20474,1016,2744,84
1994.09,144659,18548,3806,-,15629,477,3300,1,8259,34,28629,172,16087,867,24170,940,3939,77
1994.1,173889,10597,3774,-,8646,120,4472,2,7252,28,23921,126,22884,808,32209,609,10696,89
1994.11,163290,20384,3040,-,9031,441,4089,7,7734,47,27809,386,13573,413,28923,899,3910,30
1994.12,155406,27894,2887,-,11429,24,3437,5,7160,61,22494,997,11522,268,29526,1376,2778,96
1995.01,113464,12318,1506,-,6728,1,2580,5,4258,36,14976,175,6669,53,26884,1150,1704,46
1995.02,86486,15168,771,-,5863,1,1809,6,2662,60,10266,422,5351,14,23419,449,1465,96
1995.03,111181,9333,891,-,4982,0,3602,4,3915,44,19424,858,6444,15,29761,505,2651,34
1995.04,100896,13529,1109,-,4980,-,4561,2,4258,14,15112,607,7451,4,17160,971,6495,175
1995.05,110437,8320,1177,-,6021,-,6051,-,6361,0,24856,120,7838,31,17846,1327,8878,172
1995.06,96154,11253,1590,-,5537,0,6256,-,6749,0,17642,197,7401,17,13008,553,6452,57
1995.07,72249,9891,990,-,3657,2,2230,0,6280,1,14633,74,6558,35,13971,678,2667,208
1995.08,73506,11090,961,-,3499,336,1428,0,6148,0,14005,272,6062,1135,17365,1654,2760,199
1995.09,134718,15271,911,-,11309,614,2561,1,5759,13,22144,1101,23801,1278,24021,2800,4226,667
1995.1,190269,25108,1185,-,11612,2029,4913,8,7246,68,32520,1475,29469,4080,30620,2274,5851,489
1995.11,172975,29261,1629,-,8783,1640,3298,1,4929,126,26645,1605,19531,5031,37041,2345,8146,188
1995.12,162878,39939,1082,-,9585,360,3365,1,4657,92,22443,4011,15321,651,32259,3222,3904,284
1996.01,146024,58214,928,-,5096,38,2684,9,3711,84,21911,4399,8092,224,28960,3946,1775,396
1996.02,67847,17997,1300,-,4485,0,1692,1,1681,29,7533,970,3405,24,12304,1724,1434,68
1996.03,103317,32881,697,-,6362,-,1883,0,2264,13,11403,1487,4358,0,19267,2258,7245,139
1996.04,129358,56418,523,-,6297,-,3951,-,4069,0,17217,3852,7530,-,18591,5800,4810,220
1996.05,105119,27126,600,-,6727,0,7098,-,6221,0,18978,1825,6888,4,13302,1628,2608,214
1996.06,89749,12437,728,-,7336,0,4253,-,3966,-,14250,368,6147,6,12066,1202,6962,151
1996.07,123785,18658,901,-,4796,0,2590,-,3024,0,44294,893,6325,2,30682,1538,3383,404
1996.08,114851,28906,789,-,4444,0,2073,1,5153,4,29638,1847,5675,11,28397,3155,2392,420
1996.09,151286,47709,1042,-,11049,10,4309,5,5719,38,23973,2506,14297,439,23419,4098,3524,333
1996.1,191697,28327,1400,-,9773,30,3662,1,5821,43,27001,1648,25608,267,30426,2609,6688,178
1996.11,184543,35294,1575,-,12847,37,4761,5,5438,39,24564,1442,25156,363,27737,3122,2447,206
1996.12,216246,51036,2774,-,12826,6,2566,6,5517,53,28933,3007,19262,224,36815,3167,6924,487
1997.01,135412,20427,1389,-,5632,1,2125,2,4657,25,19882,607,8287,11,32383,1280,1619,161
1997.02,51187,3609,1780,-,4591,1,1526,-,2109,9,4665,49,5116,1,11716,78,2192,54
1997.03,92785,2633,477,-,4554,0,2187,-,4135,0,15644,22,7706,23,24358,58,4504,12
1997.04,80133,2108,447,-,5789,0,3117,-,4133,0,15401,3,10017,4,14200,106,2305,18
1997.05,73224,510,511,-,7940,0,4748,-,6055,0,13774,1,7445,12,12148,33,2381,11
1997.06,102643,14955,435,-,12769,0,6011,0,3122,-,18416,164,12844,8,11725,202,6302,173
1997.07,100022,12307,693,-,7357,2,2174,-,2808,1,25537,124,7895,20,27452,698,2093,58
1997.08,106027,13323,586,-,7720,31,1927,1,3993,1,25481,312,11331,777,29315,1259,2198,403
1997.09,142960,15292,982,-,17532,19,3695,0,4829,5,24893,300,25994,1143,24220,1306,4877,354
1997.1,185148,23668,852,-,11229,99,7578,20,7017,20,28844,460,23521,642,32013,2145,3950,259
1997.11,131594,18568,938,-,6880,22,5286,2,5100,51,20476,479,10761,115,21684,852,7751,178
1997.12,166271,33048,1752,-,9364,2,2942,3,4330,14,20277,1551,12218,8,35451,2415,2943,186
1998.01,101891,16867,533,-,2052,-,2715,5,2899,21,13561,166,5828,0,22887,990,1425,161
1998.02,57450,8729,194,-,3785,0,3138,0,832,1,6270,40,7022,3,9610,183,5167,142
1998.03,81261,5924,629,-,4856,0,7518,-,2232,4,9721,35,8918,9,15406,241,2994,191
1998.04,81950,6633,675,-,5280,0,4599,-,2281,0,10022,9,15346,9,11468,155,2647,116
1998.05,81930,6919,1214,-,5585,0,6106,0,3757,0,11151,55,9387,1,13264,55,3216,242
1998.06,88049,18643,874,-,5151,0,11172,-,3492,0,16301,204,6489,0,9266,180,3076,263
1998.07,113076,14675,933,-,3652,0,12127,-,3166,-,19312,203,5854,26,34258,391,2568,271
1998.08,93357,11511,1051,-,4771,7,2637,0,3223,3,19286,883,7155,188,23302,997,5463,1271
1998.09,145955,18876,1109,-,12964,72,5580,0,6216,2,23416,774,19020,99,27351,1864,5749,847
1998.1,125388,10021,1564,-,6294,57,10080,18,6385,35,18400,980,15980,53,22402,469,4079,816
1998.11,144677,9131,1798,-,5713,79,7929,7,5887,27,29048,923,18809,110,23507,445,4897,569
1998.12,193352,44996,1366,-,7884,22,6084,1,8765,9,23296,518,15310,0,34630,1775,7151,1116
1999.01,140544,33248,1579,-,3291,0,1870,-,5107,1,19087,113,11128,0,27925,2251,1869,353
1999.02,72096,6119,1105,-,3211,-,1636,1,2969,3,8134,126,8636,-,14797,115,1346,216
1999.03,86784,4778,1285,-,3181,-,4804,1,2339,3,11706,117,6619,-,23258,591,1710,130
1999.04,68678,3363,1419,-,3788,0,5960,-,3046,0,12072,52,6193,-,11237,103,2055,74
1999.05,76016,3950,1150,-,4323,0,4855,-,4910,3,18891,18,6689,6,12584,79,2145,142
1999.06,76176,6107,1292,-,4807,0,5613,-,4059,6,17786,1,5241,19,10152,71,8755,122
1999.07,90500,9124,1558,-,3775,4,2706,0,4075,6,20036,138,6104,74,28193,374,2278,331
1999.08,101198,9816,1293,-,4784,19,4425,0,4859,20,24746,244,9776,552,23559,995,3834,1333
1999.09,115474,12869,1756,-,9039,28,4982,0,4351,7,18157,488,17528,804,17544,1108,3913,751
1999.1,196376,19940,1622,-,9446,47,7678,2,5841,15,23602,1121,35084,303,25256,2203,5644,271
1999.11,144707,17150,1538,-,7346,47,5185,1,4514,4,16547,196,22491,162,20305,2152,6071,174
1999.12,167513,51076,1082,-,7397,6,5292,3,4969,18,15591,1952,19646,99,18742,5357,3585,567
2000.01,111347,20368,1423,-,4673,1,2351,1,3132,25,13025,368,9537,0,24803,2049,2022,164
2000.02,67177,9847,878,-,2163,0,1239,-,1905,1,7238,63,8408,0,12771,648,1629,153
2000.03,82872,12331,1100,-,2825,1,6098,0,2808,1,9760,94,4238,0,24229,965,3226,604
2000.04,64475,9521,1005,-,3030,1,11026,-,1916,-,7260,42,5958,0,8719,675,2052,250
2000.05,64535,4078,1244,-,6555,1,5293,-,1929,-,8887,5,10105,0,9573,109,2648,127
2000.06,73456,6269,1522,-,4521,0,10291,-,3932,-,14000,37,8117,0,9154,117,2559,282
2000.07,59801,6814,1653,-,3027,4,3497,0,2793,2,13451,877,5391,196,13986,1082,3683,310
2000.08,77024,13862,1595,-,4828,195,2665,0,3489,10,13881,1536,8583,1151,15957,1690,4398,707
2000.09,100035,12876,1563,-,5620,75,3091,0,3002,3,14948,217,13852,308,17453,2603,3252,109
2000.1,185159,12383,1772,-,5275,119,5115,6,5626,4,25678,361,29918,2930,27800,4987,4636,77
2000.11,150077,20151,2187,-,6068,88,8566,1,6623,11,25593,755,15464,888,21092,4332,7795,171
2000.12,153042,17408,1802,-,6975,24,3149,0,4376,21,26088,470,17645,1618,25615,1885,4393,440
2001.01,97783,16903,2129,-,2436,2,982,0,1687,6,11284,293,12175,305,18974,1778,1843,376
2001.02,65147,10190,1211,-,2925,0,966,0,1043,0,9421,1205,4698,6,15454,1048,2581,763
2001.03,90425,8830,1098,-,3351,0,1505,0,3456,2,7625,251,3857,14,24152,1745,2412,476
2001.04,65779,10879,1077,-,4112,0,8023,-,1973,0,9130,225,5146,43,10928,1507,2270,252
2001.05,60831,4532,998,-,3990,0,5238,-,2725,-,14311,31,4373,20,10091,538,3149,302
2001.06,57163,2937,1917,-,5174,0,3827,-,2559,0,13855,22,4298,20,8340,266,5313,169
2001.07,86968,4481,1010,-,3980,0,3645,-,3976,0,18643,41,6844,55,28581,414,4016,277
2001.08,107436,16395,1049,-,5220,45,4442,1,3576,0,18183,399,10189,172,28069,991,4062,677
2001.09,137609,16782,1213,-,7227,67,6041,0,5202,10,19247,513,18669,110,21618,1189,3934,372
2001.1,181608,28664,1406,-,5035,29,5609,116,5084,13,23878,1400,24708,16,29170,3380,3343,704
2001.11,143658,45126,1668,-,5314,30,3461,102,4615,8,21814,2328,14132,86,20155,5777,7558,758
2001.12,157692,37998,850,-,7728,50,2454,0,2841,14,15898,1365,17614,101,34369,7463,3949,363
2002.01,107773,10773,851,-,2792,10,1037,-,2213,7,12047,140,9775,33,25452,870,2348,227
2002.02,67306,9127,688,-,2515,6,709,-,1183,3,6879,266,3765,5,22486,721,3126,816
2002.03,68181,6206,1029,-,1442,7,1650,-,1914,14,9464,86,3553,0,21591,346,4043,674
2002.04,49212,4497,651,-,1701,4,3223,-,1932,6,6974,28,5503,9,9823,572,2300,249
2002.05,55262,1444,1132,-,3154,1,5481,-,2825,-,8625,4,6770,0,9724,132,2605,141
2002.06,47856,1742,1578,-,3588,5,4170,-,3371,0,9894,3,4089,1,6698,83,3528,204
2002.07,66995,5931,1929,-,3935,2,7345,-,3504,0,14611,24,5017,0,13000,111,2696,493
2002.08,85035,9828,1582,-,4485,8,5086,0,5759,19,17392,142,9024,33,16315,512,4511,996
2002.09,116220,16422,2050,-,5263,52,6096,0,4720,5,14206,651,17429,871,18916,1110,4207,294
2002.1,165803,11738,901,-,3278,64,4724,2,5528,0,24165,382,22178,1091,21840,1624,6470,207
2002.11,139229,40439,521,-,3969,44,3090,11,3348,8,21203,1346,16341,223,19827,3117,4251,520
2002.12,126940,23604,620,-,3468,15,2740,1,3071,10,16404,623,13123,74,26781,3125,3887,453
2003.01,96807,8790,179,-,2737,0,3542,-,2230,3,9474,72,7798,2,23813,615,2253,126
2003.02,58685,3956,119,-,2437,0,4013,0,1842,3,4348,27,3104,2,15180,234,6412,56
2003.03,67019,3862,182,-,3148,-,4379,-,3280,7,7268,25,3906,3,19717,220,1856,68
2003.04,50187,2203,499,-,2636,-,6451,-,5614,8,5673,4,4742,38,8427,16,1869,23
2003.05,61321,1503,682,-,3090,0,10267,-,5831,10,9545,12,4770,12,10234,41,3539,86
2003.06,60932,3892,680,-,3364,0,7815,-,6224,2,13100,5,3958,1,10118,108,4087,176
2003.07,77159,6070,572,-,3050,0,5775,-,5668,4,16359,9,3990,0,24897,1025,3281,375
2003.08,86348,9834,395,-,2997,1,6916,0,6329,1,15055,85,6187,26,25338,1045,3289,531
2003.09,97229,13413,569,-,6680,5,5446,0,7060,0,11847,347,14099,81,14925,1167,5220,216
2003.1,174951,12109,526,-,5217,2,4974,-,6890,0,14575,133,35885,36,27026,2129,4761,261
2003.11,135523,39013,579,-,3223,6,5303,0,5689,0,14086,1208,14206,15,22556,2341,5052,1115
2003.12,130365,17399,385,-,3821,0,4198,-,4170,1,13503,740,19614,2,26596,566,3530,364
2004.01,82921,3735,257,-,2532,3,4107,-,3439,3,8180,31,11110,0,17627,181,2911,248
2004.02,66749,4362,108,-,2100,0,3391,-,2992,2,8219,23,5059,1,18679,126,4211,25
2004.03,59566,2909,228,-,2363,0,3874,-,3076,2,6233,9,4234,0,22351,202,2622,69
2004.04,46556,1477,301,-,1784,0,4573,-,4252,0,7452,5,4339,3,11347,60,1491,19
2004.05,48462,4168,416,-,2863,0,4915,-,5135,-,6089,1,5783,4,9470,39,1929,98
2004.06,58207,1794,422,-,3418,1,6266,-,3509,-,15070,1,5421,5,10113,152,3259,118
2004.07,64001,4014,274,-,2356,1,6001,-,6398,-,11116,39,4295,9,15194,82,3798,102
2004.08,87518,9598,219,-,3417,9,9162,0,4444,6,20500,499,6163,28,17641,832,4052,526
2004.09,113303,23225,290,-,8625,5,7929,0,4287,3,9671,1160,17918,96,19346,2383,4904,264
2004.1,161578,40137,436,-,8055,93,7717,190,4398,0,21091,1406,29343,44,21090,5147,4134,190
2004.11,148434,56099,341,-,4381,35,6607,110,3367,1,16566,888,15503,176,20513,5666,6635,590
2004.12,139392,32756,228,-,4178,10,5515,185,2625,1,14942,1392,21302,104,19323,2639,5765,724
2005.01,94405,12775,794,-,2107,0,2775,3,1408,1,12412,237,9535,9,19068,577,4649,215
2005.02,51002,2347,396,-,1767,0,1800,0,941,0,5804,15,3304,16,13253,21,8673,39
2005.03,76100,3921,506,-,1887,0,2942,0,1349,0,11322,15,4796,9,30605,10,5109,32
2005.04,59117,2406,498,-,1918,0,3368,-,2794,0,11862,9,5417,2,14670,6,4573,12
2005.05,67182,1904,750,-,4967,-,4878,0,3317,-,13999,50,7046,17,17304,266,4617,238
2005.06,84881,14728,678,-,6858,0,3420,-,3384,5,16434,559,8531,0,13002,643,7169,608
2005.07,85985,10818,596,-,3882,0,6823,-,3635,-,15630,410,5624,1,27369,683,4296,349
2005.08,95861,11923,879,-,4330,4,5739,12,3171,-,12416,200,6759,10,30491,1318,5945,420
2005.09,101732,7771,1048,-,9238,18,10378,8,3687,3,12929,153,11371,173,21633,571,5729,333
2005.1,143849,22429,979,-,5038,86,6490,0,3583,2,17313,787,24884,354,28415,1922,5216,180
2005.11,127139,34763,754,-,5312,19,5366,0,2451,0,16172,742,14203,87,22630,4096,6449,494
2005.12,109788,9811,662,-,9516,2,3083,0,632,0,12165,225,15771,61,23144,274,3151,93
2006.01,108311,12207,402,-,2524,0,3738,1,1153,2,14123,39,10973,1,29091,717,4024,58
2006.02,69266,2309,208,-,3927,0,2518,0,1190,-,8109,42,4486,6,24412,74,5031,22
2006.03,69296,3700,210,-,2687,-,4377,0,1205,0,7856,45,5919,1,24697,41,3923,26
2006.04,45604,1688,183,-,2589,-,3941,-,1817,4,6617,6,4517,6,11796,14,3178,78
2006.05,59714,2462,392,-,3503,-,6204,-,3194,0,11012,11,5861,6,11398,161,4526,128
2006.06,67750,2146,349,-,4698,0,4083,-,3458,-,17769,1,6077,15,9984,20,7639,104
2006.07,71625,1061,266,-,3071,0,8564,-,3368,-,16968,2,4182,34,21379,17,2754,63
2006.08,95152,4949,404,-,2958,9,9049,-,2552,1,14464,338,5372,39,31942,76,6905,138
2006.09,117636,14995,523,-,8622,77,10050,149,3305,4,18100,302,13634,125,23298,1690,4605,238
2006.1,144538,15408,521,-,5696,48,7180,46,2635,0,20652,77,21664,214,24984,773,5539,161
2006.11,120009,19419,920,-,5974,41,5654,386,2388,1,19779,350,16293,125,19738,1971,5523,236
2006.12,139914,21083,774,-,7229,1,4076,0,2308,4,17445,307,20271,8,24660,1365,5646,405
2007.01,114612,8991,605,-,5302,0,3645,-,1795,1,14062,14,14366,15,28761,121,3431,120
2007.02,71578,3885,506,-,4561,0,3290,-,1611,0,8935,17,6036,1,22254,66,4165,20
2007.03,69944,7108,455,-,2995,0,4076,0,2391,0,9107,24,7852,7,17435,13,3422,40
2007.04,65705,8182,312,-,2950,0,4380,-,3040,0,10097,14,8047,0,12084,98,4218,30
2007.05,59777,712,323,-,3259,0,5123,-,3141,-,11532,6,10333,6,11595,75,4221,195
2007.06,66570,4158,407,-,5254,0,4411,0,4032,-,14530,0,9553,7,10258,159,4944,270
2007.07,71332,4272,506,-,2421,0,9069,60,4607,-,12778,13,4416,12,18987,54,6208,270
2007.08,80521,7826,484,-,1492,108,7626,46,2757,-,12786,118,4925,137,19514,374,8907,429
2007.09,87265,13093,720,-,5163,17,7136,336,3085,0,13939,355,7344,82,17443,527,5007,316
2007.1,163949,21005,798,-,14735,49,9470,844,3829,0,22424,719,27534,255,24697,628,6201,119
2007.11,147887,43810,1028,-,7698,37,7037,1444,2812,-,17958,676,19634,96,21043,4777,7301,757
2007.12,153159,20734,596,-,7599,10,2930,0,2115,-,20794,406,21648,22,27636,1077,5298,170
2008.01,116661,8275,805,-,3756,1,2337,0,1648,-,14088,24,14219,2,30910,162,3781,43
2008.02,58855,1450,592,-,3169,1,1555,-,1391,-,11072,2,5226,8,14173,0,7176,9
2008.03,82575,3046,430,-,2252,0,2437,-,1493,-,20580,9,7896,6,16276,11,11407,12
2008.04,59614,1451,580,-,2398,1,3826,-,1540,-,11483,2,9155,2,11082,19,4848,42
2008.05,64850,845,752,-,3076,3,6068,0,1932,-,13550,0,10379,12,11600,86,5117,162
2008.06,64897,4091,646,-,5722,1,6066,1,2338,-,13351,4,5941,55,10710,2478,6747,141
2008.07,89047,6600,743,-,3966,3,5514,0,4001,0,18336,349,4861,110,27107,2046,8118,146
2008.08,83041,10428,555,-,1822,64,6135,115,4685,-,16206,9,6055,1660,23060,707,7303,336
2008.09,120447,22741,895,-,7088,196,8909,120,4695,2,18817,774,16005,3045,20791,1239,7597,385
2008.1,201145,40191,1023,-,9307,304,6448,446,4045,0,24244,1171,43895,2695,31344,3485,8579,982
2008.11,174648,53330,1295,-,7760,839,5102,247,3458,2,22354,1503,23248,894,26334,3382,7861,773
2008.12,169110,34792,1241,-,7832,9,3955,147,3291,3,22183,897,21081,171,30015,1651,6788,334
2009.01,109856,13217,614,-,4491,1,3624,2,4640,1,12820,103,11970,10,25224,285,3867,182
2009.02,85279,16116,328,-,2570,0,3185,-,1447,0,10600,167,8490,11,19929,473,7814,102
2009.03,79636,8491,404,-,2447,0,3494,-,1227,1,12612,69,7410,5,22861,57,5883,65
2009.04,52100,1789,342,-,2673,0,5491,-,1995,0,11124,18,6504,14,8946,96,3509,49
2009.05,69449,7812,443,-,3047,1,8135,-,1922,0,12116,5,10288,39,8835,327,3530,290
2009.06,66640,7151,414,-,5414,17,6170,0,2175,0,14631,4,9359,16,6829,101,4553,378
2009.07,56902,4236,418,-,3876,8,3411,-,3502,-,11424,4,4115,1,14273,47,4014,315
2009.08,84913,14900,806,-,3318,5,10021,62,3269,204,10265,365,3160,2,20198,1605,5574,775
2009.09,154098,19405,1008,-,9911,132,17494,5,5409,70,19493,470,16984,226,25479,2185,8801,925
2009.1,168791,8007,651,-,9486,135,9397,4,4160,21,20629,267,39648,118,20639,222,5101,397
2009.11,142208,9829,601,-,6665,72,5541,0,2400,0,19911,293,22819,38,23150,629,5963,435
2009.12,157094,7007,579,-,8602,2,4649,0,2913,1,17349,493,24939,14,23722,531,5202,460
2010.01,113626,5403,344,-,4068,0,3201,-,2790,0,14027,27,8565,42,36681,181,3029,73
2010.02,64212,2957,464,-,2822,-,3173,-,1562,0,8629,16,3857,1,19352,66,2831,13
2010.03,48503,1431,224,-,3370,0,3409,-,842,0,8095,12,4668,0,15414,4,2465,10
2010.04,48854,498,208,-,3234,-,5331,-,2028,0,10212,9,6205,2,9976,1,3311,22
2010.05,61696,596,475,-,3050,0,12449,0,2051,0,11694,2,7823,0,11148,24,3663,137
2010.06,69750,1733,442,-,4069,0,13208,-,1831,-,15082,0,7524,0,10182,3,4408,146
2010.07,83781,2751,348,-,2927,1,6069,-,3164,-,16516,0,4601,14,26247,39,10251,250
2010.08,73818,4550,517,-,2463,95,7098,-,3029,47,12931,4,4389,177,22940,235,4568,310
2010.09,116399,15218,708,-,7227,163,14330,43,5121,49,17750,55,7527,777,23297,180,7367,477
2010.1,193084,38433,685,-,7888,422,13419,136,3628,253,19634,686,34390,1096,29829,1823,5376,315
2010.11,134966,13654,575,-,7067,268,6332,0,3828,1,21239,223,17083,318,25109,491,7174,383
2010.12,123847,7107,262,-,5633,10,4234,-,2947,0,13696,57,19026,41,23830,143,4189,59
2011.01,106393,7144,239,-,3092,4,3786,-,1950,5,12907,225,11820,5,27038,210,3993,198
2011.02,61758,6182,206,-,3135,-,2664,0,1269,4,8243,67,5343,7,20466,180,2161,50
2011.03,73391,5348,179,-,2297,0,2762,0,1756,1,11158,84,7040,3,26603,110,3866,52
2011.04,50876,3538,178,-,2154,-,5074,-,2043,2,9307,77,7963,1,10458,30,2644,54
2011.05,63236,1046,447,-,3141,0,10378,0,1743,0,11537,1,8306,3,11179,3,5694,202
2011.06,68462,1982,529,-,3957,1,6312,0,2324,4,15625,0,9594,20,9971,188,7093,174
2011.07,61850,2721,320,-,2403,6,5762,0,2283,7,13407,1,4185,19,18783,157,3464,235
2011.08,85278,9984,393,-,2099,28,10486,0,3104,0,15156,33,3472,178,25467,445,4296,340
2011.09,128493,21272,504,-,4907,127,11926,0,3754,72,20051,278,7707,574,24033,1848,12228,1763
2011.1,195334,42917,587,-,8866,244,11469,6,3823,83,25525,375,28281,257,29304,3698,11985,1571
2011.11,163512,13342,358,-,5430,135,7718,3,3343,4,22894,110,18779,223,25170,1393,6958,305
2011.12,176906,23253,359,-,5893,17,4040,0,2982,3,18531,284,23808,51,29102,3583,5095,256
2012.01,141948,25099,433,-,4058,6,2792,1,2117,2,12254,281,17775,43,35557,817,5804,284
2012.02,74017,5117,262,-,3475,1,1808,-,811,2,6989,69,7048,12,21802,20,4278,35
2012.03,67464,3702,153,-,2766,0,2571,-,1166,1,8123,77,7593,2,19268,28,2923,122
2012.04,45279,954,172,-,2323,0,3962,-,1762,0,7193,13,9892,46,8600,30,3001,374
2012.05,64838,2272,389,-,2580,19,7673,0,1375,-,10965,4,8994,31,11666,89,6599,350
2012.06,52572,3019,346,-,3943,5,6496,0,1218,0,10428,40,6305,18,7277,26,5094,263
2012.07,60082,8136,299,-,2215,1,3881,0,997,1,10614,6,3474,9,19517,219,4582,469
2012.08,45855,9080,265,-,1455,2,4163,-,846,10,6318,7,3075,151,11719,367,3904,271
2012.09,94911,10939,438,-,4478,48,11446,16,2035,172,14673,179,9773,194,19878,924,7689,514
2012.1,170127,15980,408,-,5906,309,12053,14,2372,36,25469,131,32579,824,27872,701,5130,297
2012.11,124629,14200,432,-,6104,83,7818,2,2542,152,19446,144,16836,258,25623,624,6510,368
2012.12,149313,26646,262,-,6825,8,5337,1,1699,2,16666,189,17911,43,32538,1277,3809,191
2013.01,106290,18170,161,-,3848,1,2657,2,645,2,8421,118,10619,3,28194,675,6145,457
2013.02,51022,1671,154,-,3482,0,790,-,362,1,4747,80,6138,9,19293,96,4545,146
2013.03,54717,2076,100,-,3445,0,1586,-,509,0,7485,30,6430,2,18806,44,3093,161
2013.04,48184,1042,195,-,2931,0,3251,-,620,-,8740,5,8138,5,11509,62,2431,58
2013.05,55242,460,470,-,3403,11,8061,0,1655,0,10200,2,9238,34,10091,8,3373,218
2013.06,52688,2149,433,-,4852,8,6039,0,1677,-,11134,2,8949,23,7395,47,3219,348
2013.07,66459,4976,140,-,2384,4,7463,1,2165,0,11505,3,4017,8,21343,380,4345,477
2013.08,69129,10682,294,-,1896,7,6289,2,1803,5,11941,16,3288,27,17150,505,5758,871
2013.09,108483,16515,580,-,5183,68,10737,1,2299,240,14472,39,9725,472,21532,1561,8570,486
2013.1,137241,7786,291,-,8817,131,10653,4,2117,45,21364,98,20609,293,27162,384,7122,303
2013.11,128741,14078,323,-,6327,175,8571,7,2203,13,20782,148,20252,73,20500,813,7317,235
2013.12,166502,22510,253,-,6623,14,5527,2,1520,3,14779,193,23469,187,36338,795,5208,299
2014.01,110148,6479,219,-,4501,0,3726,0,907,2,9618,66,15550,10,32156,580,3603,157
2014.02,46533,3783,93,-,2807,0,1630,-,2064,0,4044,37,4743,18,15998,93,1815,70
2014.03,58753,3057,161,-,3705,0,2395,-,750,0,6645,48,7464,73,20078,250,3299,64
2014.04,52160,1649,395,-,3586,0,4818,-,1542,0,7526,16,8165,31,12790,2,2587,72
2014.05,54765,707,338,-,2695,5,8077,0,2260,-,9777,1,7096,78,10334,12,3753,199
2014.06,53447,1121,333,-,4624,13,6063,1,1951,-,10878,0,5667,15,8196,6,4792,261
2014.07,64652,4975,470,-,2096,3,4931,0,1232,-,13551,0,3848,24,21320,202,4440,589
2014.08,78197,16920,559,-,1737,21,12603,1,2235,146,14733,31,3162,215,15101,1076,5532,992
2014.09,111767,14830,537,-,4882,487,16024,2,3736,107,15267,183,10681,1217,21492,561,5839,662
2014.1,138943,12313,347,-,5367,321,10658,3,2585,45,18633,222,22564,349,28513,482,4664,581
2014.11,131567,29140,367,-,5465,212,10776,7,1912,159,16663,424,17832,136,21675,1573,6747,431
2014.12,157667,32475,351,-,6104,53,6149,1,1341,2,12073,617,19887,130,31451,2588,4616,617
2015.01,113943,15605,416,-,4570,7,4835,0,1680,5,9695,436,12351,5,37914,1405,3434,537
2015.02,60411,7197,315,-,3069,8,2269,0,528,0,6176,83,5956,50,19172,361,3010,139
2015.03,82767,14572,116,-,3422,0,2210,-,669,0,7532,34,7136,2,24826,981,3185,78
2015.04,59274,10416,188,-,3207,0,4172,-,1245,-,6097,18,7905,9,9798,318,2998,162
2015.05,47797,348,213,-,2770,2,8656,0,2175,2,8282,1,6427,96,9717,3,1989,217
2015.06,65964,3803,363,-,2858,11,5913,2,2178,3,11478,6,6670,46,10484,268,3292,215
2015.07,59487,6842,609,-,1833,11,2818,0,1429,0,10404,10,3622,10,18632,415,3373,822
2015.08,83825,17472,383,-,1473,7,7859,2,3209,98,10179,57,3153,176,22192,1149,7816,3109
2015.09,107515,12325,586,-,5517,32,11427,2,2931,139,16203,123,10091,54,21156,673,7826,1232
2015.1,121280,13684,326,-,7265,72,8346,7,2116,296,19584,203,17377,16,29711,291,5381,605
2015.11,115016,15341,381,-,5405,88,6840,3,1982,152,13923,198,18181,76,23972,988,6171,1079
2015.12,141041,14130,402,-,7458,18,6285,0,832,1,14571,85,20897,20,20036,202,4738,204
2016.01,107098,15198,237,-,4443,1,3332,0,1578,1,8928,11,11857,7,26164,493,3324,214
2016.02,44027,2244,189,-,5067,1,1817,-,807,-,3406,11,5295,21,9404,39,3032,106
2016.03,47941,3450,253,-,4945,0,1852,-,1366,-,5929,13,5448,8,12670,145,2503,178
2016.04,47794,5550,269,-,4500,0,3762,0,1976,0,6926,25,7492,9,6927,470,2265,158
2016.05,52547,2247,627,-,3611,10,7856,0,2010,0,8536,4,8079,32,8956,45,3319,800
2016.06,55202,2046,343,-,4223,25,9177,1,2147,0,7405,3,5785,29,9756,27,3898,197
2016.07,53978,5633,433,-,2236,2,2246,0,1681,0,8752,11,3915,18,18937,452,4310,739
2016.08,76914,13531,378,-,1644,54,5788,1,1661,208,12149,186,5496,387,21481,888,7906,1351
2016.09,81608,19168,318,-,2922,67,7739,4,2197,353,12608,97,7530,61,12154,1329,5825,1519
2016.1,101877,19837,338,-,6547,77,8558,1,2293,328,14512,419,11721,30,16000,1694,4892,1455
2016.11,116660,28583,278,-,6996,74,6596,0,1227,-,13487,54,15711,47,12946,1407,6649,1332
2016.12,121932,15713,301,-,5855,11,3995,0,1833,0,14417,104,20468,24,15226,489,5244,585
2017.01,91033,9187,306,-,3483,4,2847,1,906,0,11967,108,13539,78,25810,483,2819,147
2017.02,43808,2477,44,-,3316,1,1091,-,221,-,4672,8,7458,13,14514,23,1452,69
2017.03,53849,1716,174,-,3579,2,1873,-,804,-,6479,10,8306,32,20686,70,2922,47
2017.04,41645,218,251,-,3622,1,3769,-,1370,-,6758,4,8604,11,8007,2,2404,21
2017.05,52526,825,202,-,2978,5,6879,0,1637,-,9973,9,7534,32,9542,12,3708,225
2017.06,60422,2161,270,-,3543,13,9003,1,1931,0,9832,27,7586,23,9107,36,6266,293
2017.07,76088,7919,304,-,2308,5,4738,1,1837,0,12818,111,5155,22,25395,1276,9834,512
2017.08,93325,14617,471,-,1642,19,10671,1,1974,41,13136,99,3538,382,26029,1565,10078,665
2017.09,117555,11944,1398,1,3916,49,22772,2,4192,106,17164,72,6979,303,24396,2503,8673,384
2017.1,79595,6076,340,1,5333,8,11665,2,2232,302,13679,122,9573,43,12975,823,3812,160
2017.11,97115,11425,279,-,4031,51,9088,2,1864,3,15874,218,13766,21,16800,2656,6148,312
2017.12,119980,35306,167,-,3712,10,9626,2,1152,4,11347,262,14417,107,25837,3368,6081,883
2018.01,101177,15093,87,-,3534,2,3641,1,1084,0,13458,74,7063,24,30065,639,3722,80
2018.02,47559,2936,60,-,2425,1,1627,0,934,0,9178,17,4028,4,14504,577,2253,58
2018.03,54259,11525,90,-,2234,1,2226,-,499,-,8229,33,6143,8,11066,1172,3227,434
2018.04,46068,3371,296,-,3475,0,3631,0,999,0,9514,60,8847,1,6607,450,2389,90
2018.05,51358,278,420,-,3559,6,10435,1,2598,0,11087,18,6393,22,7259,24,2844,204
2018.06,54402,866,497,-,4034,11,9458,1,2879,0,10233,18,6793,49,6638,135,6826,552
2018.07,80814,11297,570,-,3335,627,2437,1,1924,1,11703,13,4519,1025,27744,942,5814,714
2018.08,79770,17162,520,-,3672,1633,7274,1,1542,0,8597,141,5789,2331,20538,1112,7546,1224
2018.09,136856,29183,660,-,4950,1904,17079,3,2934,107,18050,195,9643,4160,26614,2102,9651,1932
2018.1,129807,17432,670,-,5535,219,14934,4,2976,106,21399,162,13193,337,21469,1004,7609,367
2018.11,127994,21054,416,-,5581,443,8367,7,2760,166,19438,112,9127,199,21343,727,7685,423
2018.12,101472,11332,147,-,4682,346,5294,0,1766,16,15514,60,8441,120,24535,896,5331,332
2019.01,123543,16326,112,-,4075,22,3700,0,1281,1,16215,77,10409,2,36319,455,4739,425
2019.02,52322,1860,54,-,2707,2,1405,0,820,-,7327,66,6102,0,17142,41,1688,59
2019.03,48150,1795,271,-,2443,5,2046,0,1103,1,6728,48,6820,0,13540,55,2895,75
2019.04,46807,1028,408,-,3355,5,3108,0,1336,-,9168,95,7860,8,8183,82,2252,74
2019.05,55181,574,461,-,3443,7,7599,-,2714,-,12368,4,6561,55,9642,53,3968,376
2019.06,57828,696,573,-,3202,5,13930,2,2372,0,9765,5,6076,12,7245,59,7659,553
2019.07,65115,2084,471,-,3561,304,3521,78,2817,13,13448,16,4293,78,17925,231,7394,154
2019.08,79572,7552,344,-,3425,860,11017,62,2791,4,11219,168,5781,1082,19893,224,6371,177
2019.09,77127,8130,517,-,4286,1300,14153,54,2704,130,13374,229,6972,757,14093,901,4400,51
2019.1,91303,9167,481,-,5099,274,14176,54,2505,200,19917,43,7012,57,13502,943,7895,138
2019.11,87133,12331,315,-,5693,248,7796,10,2342,455,17858,31,8455,61,12356,530,7271,88
2019.12,127770,39577,154,-,5900,319,6011,7,1778,40,19074,1284,10972,235,20433,3101,7330,815
2020.01,86546,5801,208,-,2923,165,2493,5,994,0,13689,632,7135,102,26528,1061,3812,248
2020.02,59048,10046,128,-,2086,14,1629,0,490,-,7081,446,5947,8,20067,1051,2103,174
2020.03,53956,3726,236,-,2226,100,2791,-,828,0,7474,150,5448,26,17264,250,2887,133
2020.04,46319,554,232,-,2331,11,3775,0,1351,0,9713,47,9094,2,9733,25,3011,45
2020.05,61207,519,662,-,3425,58,12430,1,3038,0,10910,34,7173,20,9060,81,6164,183
2020.06,63068,1419,379,-,5018,51,10124,28,3137,4,12709,153,7191,28,8493,267,6996,647
2020.07,78436,7320,310,-,2731,20,2892,176,3231,63,12042,151,4711,7,28642,746,7967,549
2020.08,68046,5400,410,-,1708,37,8261,76,2198,72,9281,121,3786,4,19513,201,6919,299
2020.09,93003,7513,590,-,2807,20,14413,64,2775,22,18634,217,5282,16,18492,177,7823,296
2020.1,111077,9132,554,-,3659,64,13507,16,2284,26,24595,212,9592,124,18589,293,7393,100
2020.11,107099,14165,360,-,4707,234,6840,9,2094,160,22945,166,9040,67,19783,239,11098,181
2020.12,106075,12007,365,-,5927,344,4543,15,2112,452,19197,148,11166,138,19369,515,7698,322
2021.01,72642,11482,281,-,4010,18,2000,3,1439,2,11647,240,7505,2,17110,151,3622,201
2021.02,53257,7209,295,-,1880,13,1222,-,1437,-,7664,309,4230,0,15824,219,2852,127
2021.03,64572,5861,152,-,2948,28,2929,0,1366,0,9872,431,6161,2,21484,954,3555,127
2021.04,57282,2786,424,-,3891,144,5410,0,2141,0,10761,67,8357,5,11146,102,2630,70
2021.05,60003,329,437,-,3687,15,16325,0,2761,-,11393,11,5458,2,8528,64,3331,146
2021.06,58609,1084,363,-,4241,31,8303,2,2126,7,14089,93,6181,5,8641,336,6404,414
2021.07,75282,3681,424,-,3660,22,3052,35,1724,20,9207,73,5052,21,29279,516,6773,343
2021.08,76293,7868,446,-,2115,115,4866,24,2799,123,11497,175,3516,178,23373,849,7458,534
2021.09,98738,16626,752,-,3433,39,9119,5,3192,134,16844,974,10713,40,12325,1410,7215,365
2021.1,121605,15006,442,-,4813,131,7451,5,2347,53,21544,417,18034,85,17012,1915,8147,818
2021.11,96959,18915,398,-,4768,114,4824,16,2213,85,20389,609,8236,13,11146,1579,9483,195
2021.12,107633,31322,408,-,5061,133,3884,2,1583,13,18004,1494,8613,70,16615,2518,7138,341
2022.01,86988,15357,178,-,3311,55,2016,0,1397,0,14728,570,5803,36,22963,728,5342,507
2022.02,46043,2914,82,-,2193,77,794,0,314,-,6784,220,4619,33,19167,211,1826,156
2022.03,58536,4288,187,-,2990,18,1838,0,775,0,8667,111,6187,148,19906,257,2855,160
2022.04,54109,494,403,-,4285,12,4274,-,1157,1,11768,58,10937,52,9284,85,2410,132
2022.05,72592,978,704,-,3756,93,19955,0,1935,0,15522,22,11842,143,6450,76,3242,384
2022.06,54636,1543,522,-,3883,107,7263,18,1759,0,14739,72,8289,284,6214,168,4225,298
2022.07,53912,6870,705,-,4323,1474,2584,68,1508,10,10208,54,8671,1655,11924,843,4752,239
2022.08,79076,9079,749,-,6209,2408,6545,55,2199,4,12495,85,6817,635,18198,958,6841,625
2022.09,80515,8892,480,-,4118,150,13357,17,2199,29,11534,234,7991,785,12230,1405,3826,554
2022.1,95149,8611,388,-,4231,105,11723,6,2347,1,17738,159,11242,379,13516,1523,6564,694
2022.11,118281,29771,315,-,5469,623,5304,11,2585,0,21195,1134,8718,189,17606,1352,8617,944
2022.12,88856,22098,153,-,7344,3001,1874,10,798,0,10988,159,7956,474,20918,820,4281,183
2023.01 p),89630,23124,70,-,3988,1008,1664,4,751,0,13360,562,5906,1089,23058,367,4509,552
2023.02 p),58665,2236,88,-,2375,4,1303,-,722,-,11281,132,5208,43,17535,278,2892,208
2023.03 p),79174,10321,184,-,2748,16,2729,0,970,-,12043,496,11747,36,18580,433,3062,194
2023.04 p),60823,7785,332,-,2525,169,7502,0,1224,-,10382,26,11533,130,8946,463,2184,192
2023.05 p),61205,1836,448,-,3054,49,11961,1,3059,0,12359,74,7379,70,10161,328,3182,368
2023.06 p),58249,4294,588,-,3204,234,7257,4,2315,4,12843,204,8595,1242,10683,786,3931,156
2023.07 p),73979,12012,375,-,2212,157,4389,70,1361,51,14924,94,5035,304,20574,1408,5178,280
2023.08 p),80699,8203,728,-,1969,338,9367,44,3150,37,11193,541,3896,399,18171,633,5464,357
2023.09 p),103168,13331,1167,-,3188,158,16409,136,3924,176,15365,867,7730,89,15823,1469,7467,400
2023.10 p),111514,12649,730,-,4523,101,12626,28,3082,37,18319,967,13729,297,19887,882,5065,303
2023.11 p),104497,15703,778,-,4820,664,6297,52,1408,6,15628,1260,7848,304,24399,832,6709,477
2023.12 p),74351,8593,261,-,4218,585,4924,17,1178,2,12471,144,6361,535,16258,115,5175,261
2024.01 p),85268,8486,404,-,2699,32,3599,1,1004,2,14565,407,6225,428,26316,385,4055,265
2024.02 p),49974,9061,357,-,1985,4,1336,0,707,1,7230,178,4722,40,10495,334,2527,136
2024.03 p),59595,3605,297,-,2715,1,3008,1,824,0,9289,131,8519,61,16585,302,2371,178
2024.04 p),67377,8593,384,-,2549,2,7145,1,2208,-,10464,162,11673,6,9140,382,3619,133
2024.05 p),57823,1523,498,-,2804,30,12956,2,2704,0,10375,45,9715,328,8314,268,2484,194