,year,year,year,year,year,year,year,year,year,year,year,year,year,year,year,year,year,year,year,year,year,year,year,year,year,year,year,year,year,year,year,year,year,year,year,year,year,year,year,year,year,year,year,year,year,year,year,year,year,year,year,year,year,year
,1970,1971,1972,1973,1974,1975,1976,1977,1978,1979,1980,1981,1982,1983,1984,1985,1986,1987,1988,1989,1990,1991,1992,1993,1994,1995,1996,1997,1998,1999,2000,2001,2002,2003,2004,2005,2006,2007,2008,2009,2010,2011,2012,2013,2014,2015,2016,2017,2018,2019,2020,2021,2022,2023
품종별,계,계,계,계,계,계,계,계,계,계,계,계,계,계,계,계,계,계,계,계,계,계,계,계,계,계,계,계,계,계,계,계,계,계,계,계,계,계,계,계,계,계,계,계,계,계,계,계,계,계,계,계,계,계
연근해어업,724365,764179,956276,1061962,1263728,1207753,1255095,1306069,1360662,1412289,1370324,1526670,1473248,1485569,1521615,1494514,1725820,1525999,1512481,1510262,1471810,1226779,1206542,1526139,1486357,1425213,1623822,1367406,1308336,1336062,1189000,1252099,1095812,1096526,1076687,1097041,1108815,1152299,1284890,1226966,1132536,1235489,1091034,1044697,1058598,1058319,907580,926941,1011536,911852,933880,942875,888694,955955
가오리류,7691,7172,9918,10538,10704,15119,11545,11532,11072,13831,12598,15339,13955,16318,13284,14839,13326,10660,9034,10073,7600,7108,5168,7720,4322,3990,3632,3412,2600,3948,2309,2880,2356,2566,2320,2446,3126,3996,2236,2593,2021,2277,1807,1849,1857,1308,981,857,1144,1134,1027,974,1177,1405
가자미류,21648,18633,19113,21035,21399,22354,25569,23393,19692,17812,18644,22242,22239,22549,19184,19432,20790,17982,15999,15856,12594,12706,14111,13466,13337,13674,18066,18079,20135,19569,15423,14503,13816,13107,12038,15319,19879,24340,20162,19687,20107,20017,19868,18171,18905,14925,12023,11212,12292,14672,16360,17683,14739,17897
기름가자미,-,-,-,-,-,-,-,-,-,-,-,-,-,-,-,-,-,-,-,-,-,-,-,-,-,-,-,-,-,-,-,-,-,-,-,-,-,-,-,-,-,-,-,-,-,2828,3021,2870,3009,3499,5561,5010,5181,4807
갈치,69082,82868,110309,124150,166391,120078,75559,72032,86065,120723,119980,147677,121960,152633,145413,127606,107561,113426,104304,102399,103736,95466,87169,58035,101052,94596,74461,67170,74851,64434,81050,79898,60172,62861,66291,60086,63739,66029,72313,85450,59242,33101,32526,47099,46930,41049,32331,54481,49450,43479,65719,63056,54024,60595
강달이류,5904,3760,11939,14314,24730,35828,50697,30408,29033,34418,43803,38559,31783,39013,32977,32836,42022,45354,35054,46851,53212,71769,55783,71728,69995,70394,57274,67804,53998,50494,31345,24502,19793,18880,18727,15495,19375,13817,11046,12074,5003,13990,7760,7154,7222,6493,2179,2200,2647,1754,2506,2634,3546,2530
고등어,38256,60599,78969,74150,80649,70123,107382,113051,99519,120283,62690,108082,99447,122883,101714,68479,103511,101337,162828,163617,96297,89738,115619,174684,210442,200481,415003,160448,172925,177540,145908,203717,141751,122044,184274,135596,101427,143776,187240,117960,94331,138729,125143,102114,127450,131735,133200,103870,141530,101121,77603,122170,110896,120089
망치고등어,-,-,-,-,-,-,-,-,-,-,-,-,-,-,-,-,-,-,-,-,-,-,-,-,-,-,-,-,-,-,-,-,-,-,-,-,-,-,3216,57369,5203,11847,3324,12656,2471,8889,22244,11390,74403,20252,5236,28859,41678,42885
꽁치,25036,30592,38544,34148,31723,25958,42121,23175,21744,17178,12395,10844,7449,4597,1923,4393,6619,5927,2535,3367,5301,2954,439,745,3095,6544,9687,18626,4609,11400,19883,5336,7099,1424,2960,4319,697,4740,4909,3550,2564,2691,2431,3300,320,573,869,757,708,272,644,986,283,256
학공치,239,958,1116,1539,5486,1140,787,827,1253,1240,1120,1159,854,1516,1807,2308,2971,1930,1901,3763,1815,816,1479,2005,1480,1531,990,1193,1160,913,956,613,670,411,1137,607,369,293,462,518,-,396,381,672,915,1172,598,997,610,650,759,545,382,1289
넙치류,3123,4336,6659,7339,6744,5086,4011,4035,3110,3503,3862,4706,4596,4312,3528,2883,2534,3150,2393,2945,2380,1885,2022,2454,2035,1914,2317,1592,2002,1679,1607,1707,1822,1801,1737,2112,2298,3074,4184,5439,6035,4675,4392,4295,4008,3705,3555,3989,4762,4107,3182,2923,3208,4197
노가리,-,-,-,-,-,55322,82556,104267,93023,68156,68272,115554,99243,56267,66772,38049,32483,13557,2892,8431,16527,10116,5041,7567,3143,2262,3825,910,0,-,-,-,-,-,-,-,-,-,-,-,-,-,-,-,-,-,-,-,-,-,-,-,-,-
농어류,438,263,321,542,512,4193,1338,2285,1433,1635,1502,1667,1695,1176,1168,1104,660,1043,954,1022,780,831,818,1523,1119,925,1178,1501,2957,2933,1201,1566,1479,1564,1382,1173,1173,1007,934,1114,1154,1437,1381,1408,1600,1511,1841,1410,2012,1941,1675,1856,2306,1775
눈볼대,1535,1355,1057,986,949,1700,1519,663,1637,2348,2184,1001,986,1216,821,981,1282,855,824,554,520,453,414,666,384,517,386,559,688,531,918,612,558,1525,3336,2858,2044,2886,3743,3454,3105,2491,2742,3449,2829,2878,3195,2964,3949,3859,3041,3067,2571,2561
능성어,359,283,54,64,35,34,38,16,21,27,40,23,31,61,25,57,58,87,71,61,50,47,53,101,44,38,41,24,77,20,29,28,9,26,50,32,11,35,45,55,39,39,39,26,28,30,44,90,54,50,60,69,61,89
참다랑어,-,-,-,-,-,-,-,-,-,-,-,-,-,-,-,-,-,-,-,-,-,-,-,-,-,-,-,-,-,-,-,-,-,-,-,-,-,-,-,-,293,148,242,464,1314,722,1031,743,619,701,606,506,916,690
기타다랑어류,278,60,38,150,36,681,818,247,168,103,289,233,454,1855,890,2712,628,469,1607,1711,758,1807,897,459,848,1816,2792,3115,3371,2861,3245,3295,2344,3739,1755,3324,2715,4134,3702,3307,4710,2054,1704,1699,2520,1156,1065,793,2823,4243,4363,1624,1014,1030
도루묵,16110,24809,9961,20736,12723,7267,9065,5363,2097,1367,4348,1631,2748,6834,5295,7100,9346,12169,4099,2470,3137,5026,4197,3781,1466,2065,2501,2194,1490,2449,1571,1286,3381,1928,2472,2401,2647,3769,2720,3939,4236,3834,5493,6306,4679,4762,7497,4965,4183,3066,5114,2760,1408,611
대구,2753,2571,757,717,1365,1653,435,1456,1841,1883,844,3646,4462,3784,902,2996,919,839,1200,3020,487,663,438,481,473,273,472,481,476,894,1766,2458,1968,1826,2641,4272,6810,7533,5395,6870,7289,8585,8682,9133,13402,7820,4975,6479,7511,9520,5507,5629,5734,6300
감성돔,346,499,487,808,1280,1242,619,1126,699,738,776,818,663,956,774,642,510,423,369,435,666,494,370,399,574,521,545,596,534,619,658,512,764,866,820,1117,1055,947,1140,1097,916,962,803,654,706,780,809,896,1053,952,983,1062,1064,1175
옥돔,43,111,347,206,298,440,-,-,-,-,-,-,-,-,-,-,-,-,-,-,-,-,-,1650,2228,2027,2315,2230,1810,1651,1664,1049,1341,1303,1405,1186,1537,1570,1073,1215,1549,923,1307,1766,1932,1901,1826,1600,1222,1291,940,1144,1369,1556
자리돔,-,-,-,-,-,-,-,-,-,-,-,-,-,-,-,-,-,-,-,-,-,-,-,421,655,341,350,333,80,12,59,5,6,5,15,78,135,172,91,301,1200,631,180,80,194,220,208,141,419,545,336,389,397,239
참돔,792,967,1796,1721,1785,1789,1368,1607,1556,1858,2101,2518,1956,1658,1248,1123,1075,1305,1104,1376,936,787,715,979,456,552,762,1419,1657,924,986,913,1084,756,518,513,502,686,1304,1864,2412,2490,2598,2289,2169,2062,2069,1902,2809,2210,2196,2394,2342,2926
돌돔,-,-,-,-,-,-,-,-,-,-,-,-,-,-,-,-,-,-,-,-,-,-,-,-,-,-,-,-,-,-,-,-,-,-,-,-,-,0,190,127,109,122,124,102,92,101,94,156,238,312,333,181,191,203
기타돔류,693,433,599,738,1391,1370,1474,1629,885,1240,1377,1584,1806,2884,3078,3444,3656,4153,3872,5116,5412,7303,7466,3792,2534,1744,1616,2041,1840,1117,1339,1419,1466,1322,1408,1404,1489,1501,1389,1634,1754,1696,1732,1225,1421,1898,1958,1624,1549,1852,1945,2130,1919,2006
망둑어류,-,-,-,-,-,-,1798,2809,3479,2746,2930,4050,4649,5676,4027,6381,6053,5946,7233,5405,2247,1615,2149,2788,3570,1941,1598,1722,1299,897,788,703,388,789,1105,7486,2081,1661,909,1058,688,828,1097,948,503,409,521,395,614,414,333,267,301,223
매퉁이류,252,245,345,498,540,768,415,612,223,1034,1135,665,376,370,216,206,181,461,409,107,55,95,141,131,296,209,162,207,215,35,795,758,33,644,29,77,17,349,102,279,-,-,-,-,-,-,-,-,-,-,-,-,-,-
멸치,54047,66904,104174,95572,173457,175451,126202,140842,183211,171539,169657,184351,162256,131859,155124,143512,201642,167729,126112,131855,130192,124513,116914,249209,193398,230679,237128,230911,249519,238934,201192,273927,236315,250106,196646,249001,265346,221110,261532,203728,249636,292730,221980,209102,221375,211574,140958,210943,188684,171677,216748,143414,132152,147770
반지,-,-,-,-,-,-,-,-,-,-,-,-,-,-,-,-,-,-,-,-,-,-,-,-,-,-,-,-,-,-,-,-,-,-,-,457,910,884,581,1842,5218,3211,1823,2434,2845,3223,1007,3241,1184,656,556,1174,1133,735
명태,13418,11241,40492,42628,64512,4540,5546,18584,11295,11716,28112,50283,38413,29642,39906,46496,46890,20162,13348,15786,9798,10104,9504,9043,7605,6903,4445,6373,6232,1392,766,207,215,242,64,25,60,35,0,1,1,1,1,1,2,3,6,1,9,0,-,-,0,-
민어,1597,967,997,1092,2235,1999,1951,1353,1751,2754,2311,3576,2462,1678,2481,2202,2665,2078,2185,2114,2389,2671,2268,1908,2363,2164,1940,1177,1285,1566,1999,2156,1148,1299,974,1302,2002,3030,4588,4770,3913,3958,3673,7918,6389,4572,4068,3527,2805,3411,4121,4824,6325,5934
방어류,1718,761,1301,1542,1747,3051,2429,1863,1829,2090,2089,1198,3829,3095,2952,4687,5795,3529,6422,6218,4532,3929,1785,2740,3501,3586,3977,6064,9620,8627,4814,6475,5374,3671,5321,2876,5073,6524,12643,14080,19468,9935,9021,13625,11158,8827,14642,16483,13434,15928,13051,15046,21270,25372
밴댕이,-,-,-,-,-,-,2869,6227,9607,4212,5102,4244,5625,10606,10829,8994,14033,10300,10693,7280,2640,3818,2969,24383,23974,18345,10663,5593,1974,6674,4603,766,788,885,755,1756,953,795,4893,5983,1787,1685,2036,891,1497,2852,2003,1501,1827,2168,1177,2828,1821,3452
뱅어류,777,1772,928,5463,5463,6987,10434,7250,5789,2014,5344,10932,7834,1897,5496,7529,8162,4552,6479,14528,14507,15704,16571,5131,4527,4806,5073,919,1029,3374,9693,3831,2247,3718,1888,6955,2967,1505,567,137,-,-,-,-,-,-,-,-,-,-,-,-,-,-
병어류,4727,4492,8318,11065,15796,24191,18716,12857,11467,13714,14169,14091,14431,9018,10833,9294,13509,11804,4765,8480,10304,10062,8434,8101,9849,10896,9484,10770,13210,15235,7838,6819,6191,7496,9286,11448,13873,9489,8120,5929,8871,6600,4986,5387,3419,3314,4747,5909,8268,8678,7637,8194,7751,8066
보구치,-,-,-,-,-,-,-,-,-,-,-,-,-,-,-,-,-,-,-,-,-,-,-,930,1983,2574,2509,1565,1777,2196,1864,998,734,460,320,287,338,547,656,682,846,1007,1152,1190,1796,2306,2330,2371,2740,3471,3233,3011,4085,4268
보리멸,-,-,-,-,369,1092,1093,1924,1945,10618,799,2487,279,998,289,160,709,103,160,141,274,137,119,109,157,199,248,199,48,107,100,10,15,14,8,22,165,215,131,231,1,-,-,-,-,-,-,-,-,-,-,-,-,-
복어류,4096,3127,3046,7629,4032,3971,3429,5431,4268,3646,2951,1899,7460,2052,3110,3338,3349,3775,3282,4427,6914,5208,9418,5677,4182,10178,9708,7471,3897,4787,2978,3735,3110,2486,3971,2226,3368,2512,2820,4368,3194,3797,3021,3860,4002,4200,4768,3790,3976,4421,2636,3716,4336,4881
조피볼락,-,-,-,-,-,-,-,-,-,-,-,-,-,-,-,-,-,-,-,-,-,-,-,1340,1540,1695,1854,1813,2092,1813,2682,2765,3227,3811,3774,3000,3713,4037,4477,3178,2351,2657,2922,2411,2362,2399,2121,2179,2259,2136,1643,1617,1725,1423
기타볼락류,1548,1338,1132,1348,1741,5556,4596,6417,4096,4295,4665,5403,5254,6682,4870,5790,5970,6181,5768,6453,5072,5064,5150,4246,3337,2979,2793,3601,2510,2760,2105,2238,1669,2222,1266,1725,1400,1772,1111,1033,1455,1617,1610,1573,1594,1771,1416,1466,1750,2028,2062,1673,1535,1675
노래미류,-,-,-,-,-,-,-,-,-,-,-,-,-,-,-,-,-,-,-,-,-,-,-,-,-,-,-,-,-,-,-,-,-,1407,2578,2554,2968,2966,2760,2514,2103,2103,2341,1757,1570,1711,1268,1105,1079,1043,925,984,776,782
부세,-,-,-,-,-,-,-,-,-,-,-,-,-,-,-,-,-,-,-,-,-,304,120,217,276,546,801,332,294,270,354,426,325,220,65,38,125,77,166,148,192,225,152,190,557,663,434,422,693,321,307,208,185,236
삼치류,5276,6584,8694,6847,10727,5241,5355,6767,10030,12166,17511,13960,10677,16224,21603,10265,20678,23974,26737,16325,16700,24285,7925,13927,8667,17429,6419,11173,22809,19502,25641,25513,25956,22608,26622,33794,36484,42199,40809,36793,35778,29294,33377,29394,29537,37872,35886,38306,32089,37841,32949,30950,35655,45692
상어류,8580,6672,7087,7310,6818,6327,6097,4404,5015,3985,3831,3495,4567,4233,3082,3084,3310,2807,2822,2374,1866,1648,1691,5253,1512,871,785,565,503,449,262,389,243,213,172,259,208,227,245,341,525,345,313,332,294,267,223,177,184,197,208,233,210,201
서대류,2568,2945,2703,3078,3000,4553,4625,4174,4023,3741,3876,4516,4693,5080,6388,7369,6838,6627,4505,3041,3432,2585,2366,2690,2498,1944,1644,1289,654,836,1148,1013,585,730,803,1396,1887,1979,1478,1430,1477,1501,1352,1157,1390,1340,1400,1682,1891,2038,2246,2016,1493,1600
성대류,273,98,26,47,399,132,220,219,101,287,308,486,141,216,104,40,62,75,31,34,135,146,58,141,70,40,75,86,146,43,79,140,260,225,302,375,888,729,1135,728,979,1063,1584,1564,1661,1418,1246,1297,1506,1660,2379,1801,1642,1393
송어류,83,226,382,368,206,131,53,80,59,65,128,2727,1107,2122,2605,2353,2767,1372,1533,1197,661,1019,1477,1269,1144,1195,1343,522,964,421,-,-,-,-,-,-,-,-,-,-,-,-,-,0,0,11,23,12,5,0,0,0,1,0
쏨뱅이,-,-,-,-,-,-,-,-,-,-,-,-,-,-,-,-,-,-,-,-,-,-,-,125,52,68,58,161,186,92,92,149,111,123,148,129,143,186,223,256,-,-,-,-,-,-,-,-,-,-,-,-,-,-
삼세기,-,-,-,-,-,-,-,-,-,-,-,-,-,-,-,-,-,-,-,-,-,-,-,-,-,-,-,-,-,-,-,-,-,-,-,491,321,383,229,253,873,594,695,523,516,510,528,478,492,309,369,278,264,297
숭어류,2742,2295,1969,2169,2394,3100,3300,4885,4008,4569,5479,4832,4787,7886,6192,9024,7728,5841,5863,3977,2522,2955,3087,5895,4896,4282,4200,5564,4962,9678,8730,9784,8887,7877,8023,9774,8835,11312,8248,6178,6587,6912,4752,3168,2944,3142,2057,2000,4961,5293,4114,4484,4888,3872
아귀류,-,-,-,-,-,-,4470,3863,3334,2501,2815,2581,2942,4646,6338,9624,10870,7023,8172,5199,8759,8206,7681,6312,5064,8173,11720,5045,3970,3406,4930,5813,9500,10486,11885,11448,12226,14417,17931,14961,13104,15808,12090,11686,12903,11888,13838,15335,13448,18458,13448,16854,13111,11885
까나리,-,-,-,-,-,-,-,-,-,-,-,-,-,-,-,-,-,-,-,-,-,-,-,-,-,-,-,-,4801,4806,16293,4803,5145,2419,223,1160,1546,1631,6702,2380,13557,7439,4261,3503,2577,2110,7265,7024,7048,14252,13196,17776,21049,6377
양미리,7038,497,2434,4626,4450,2597,3232,5098,5303,7917,4571,10782,10569,24048,9010,4697,6155,5281,4546,3271,7310,7969,7922,9632,9466,9677,6613,8832,-,-,-,462,7,1047,2419,3925,4197,3682,4033,3503,0,-,-,-,157,-,-,-,-,-,-,-,-,-
양태류,1622,1036,1425,1599,1352,2893,2211,2707,1652,1139,2517,2226,3044,3491,4299,4245,4357,2939,3338,3973,3598,3345,2839,3489,3036,2520,2900,4196,2857,2248,2310,1699,1199,1495,1477,1738,1948,1790,2082,2220,2215,2331,1894,1749,1685,1984,1795,2146,2064,1901,1381,1516,1528,1481
연어,-,-,-,-,-,-,-,-,-,-,-,-,-,-,-,-,-,-,-,-,-,22,22,66,71,260,102,111,56,57,28,19,33,42,16,15,37,102,186,25,177,60,47,132,316,404,195,143,202,96,99,158,113,83
임연수어,-,-,-,-,1001,4340,609,3488,3512,1073,1170,1522,8011,1600,2604,2789,2477,7855,4192,4231,5315,4571,2651,5839,3528,2848,3683,1880,7911,1005,2554,1261,627,3083,772,1048,1294,1266,758,191,1470,81,551,1136,1125,1448,3507,172,740,2226,629,3415,2250,1105
갯장어,2732,2789,4242,5082,5562,8385,6161,8758,9852,6228,5289,6714,9179,8046,8405,5395,5040,5591,4209,3082,2349,2823,2453,3760,2243,1604,1411,2518,1506,1900,1862,1080,883,800,766,810,672,1071,1306,1650,1358,1219,1341,862,1272,1402,1378,1081,984,993,1168,1226,1360,944
먹장어,-,-,-,-,-,-,-,-,-,-,-,-,-,-,-,-,-,-,-,-,-,-,-,148,45,19,49,6,12,0,1,3,0,63,58,11,15,29,37,18,15,23,43,25,61,80,82,77,121,103,118,83,77,80
붕장어,5452,3943,4613,4573,6629,7843,8166,8497,6962,12987,9614,13257,14143,8838,12751,24010,23208,20143,19680,23368,21848,21332,23633,29882,21703,19667,17314,19136,11913,10160,8303,7676,17210,17451,16506,14739,15242,19399,18437,13507,13757,15896,16365,13405,13254,12641,12631,10965,11766,12447,13229,12692,12727,15123
전갱이류,883,8904,2753,2089,1511,6563,7088,5431,3948,6716,565,5520,10837,11539,7354,15702,7018,13916,39745,22969,16586,15923,26533,38095,38433,12269,14542,22766,22132,13552,19510,17537,26037,20454,25513,42608,23227,19089,22752,22087,19305,42853,31098,15072,24005,43362,21620,21294,27050,43053,46207,49692,37761,38681
전어,7861,5205,4354,6072,8940,4945,5866,7850,7159,9156,9668,12348,10171,14119,7304,11716,16150,13886,10423,11297,8525,6770,5603,6760,7370,7931,4908,13836,11349,9511,6366,9120,4717,6518,4313,6264,7315,9873,7187,5826,8282,5766,11002,8695,8795,5473,4612,10562,11523,10564,9261,11204,6650,10107
정어리,101,138,315,3689,194,3555,11154,50299,53829,47177,38282,63068,81985,139763,177896,107776,160725,194352,145870,182540,132354,43964,45707,31285,36707,13539,18560,9041,7595,17142,2207,129,8,18,215,46,0,106,108,47,61,2477,918,3565,335,2911,5208,8187,7271,2218,1139,90,12030,48027
참조기,31765,24554,25352,24947,54130,40056,45456,26156,25084,34754,48843,34477,18330,10133,7711,6872,9644,19835,18703,18575,27890,37387,39664,30902,37212,25173,22894,21769,15011,13490,19630,7938,10941,7098,17570,15272,21428,34221,33200,34033,31931,59226,36840,35279,27621,33254,19271,19398,23274,25741,41039,31562,16400,15117
기타조기류,23408,19230,20024,28836,40170,21147,-,-,-,-,-,9263,30290,19294,21793,20576,17614,13871,13526,12698,14956,19710,23955,19750,24630,20025,19716,13178,12443,14500,7105,2986,3240,2354,2443,3435,6686,3383,3868,2078,1972,1787,1789,2260,2248,1332,616,342,382,506,351,319,556,908
준치,3479,3107,4941,4440,1318,2263,7177,2882,2732,2172,3279,1912,5067,1754,3098,1291,4722,2976,1620,2466,1213,573,282,342,299,466,630,349,381,265,134,40,19,11,16,17,19,18,9,1,0,3,6,20,6,4,2,1,4,41,61,125,472,442
쥐치류,-,-,-,-,-,81394,114671,128098,199920,230298,229230,187625,182356,172732,181008,256528,327516,153588,221728,159104,229522,69744,34146,11364,4382,1755,1772,16318,9364,2999,2891,1578,933,1429,1267,1055,1071,2998,2631,8280,3475,1606,1419,1295,2407,2040,1805,1726,2195,2650,2010,1913,1313,1053
청어,746,6718,6311,3962,114,2386,84,545,497,182,438,254,447,528,497,773,1386,2763,6075,6697,6219,4586,5878,3983,3865,8622,5525,13214,13340,20010,13473,8491,1941,3571,5113,7592,12496,28280,45472,37514,25005,23448,28013,45127,23821,25903,24207,32519,24035,25771,21035,14025,27810,21318
참홍어,-,-,-,-,-,-,-,-,-,-,-,-,-,-,-,-,-,-,-,-,-,-,-,-,-,-,-,-,-,-,-,-,-,-,-,-,-,-,-,-,723,358,320,398,540,358,514,509,700,1287,2054,3121,3182,3596
홍어류,-,-,-,-,-,-,-,-,-,-,-,-,-,-,-,-,-,-,-,-,-,2545,3438,2074,1850,2227,3127,3223,1764,662,256,211,227,222,259,255,392,375,1208,3254,4131,2925,2123,1651,1874,2349,1998,2087,2269,1977,2063,2428,2647,3119
꼼치류,-,-,-,-,-,-,-,-,-,-,-,-,-,-,-,-,-,-,-,-,-,-,-,-,-,-,-,-,-,-,-,-,-,-,-,4732,4429,3165,4385,4951,5402,5604,4101,3797,4225,4608,5019,4177,4118,3208,3658,4412,3844,3546
기타어류,124948,147551,182656,192359,232209,113838,103134,127491,99681,79453,68574,68507,57571,61488,65668,64894,75844,67532,83251,97370,98436,90733,89230,90778,88446,91183,74172,74721,110197,96782,71335,91781,71691,28767,11990,13986,15655,18247,19767,13419,21043,30495,27618,31529,23069,26159,23483,13972,21023,14720,10110,11939,10266,11768
갑각류,16354,15279,22964,35827,33762,48675,43461,50837,51192,51477,49296,50926,58690,59682,66193,75969,88664,90292,98815,101176,104856,99107,106053,117292,134558,117161,116795,109405,104222,90038,74994,67070,57327,66002,57110,62075,73715,85297,87631,100126,108199,101723,105234,105537,102272,90002,83612,75988,74506,64340,71756,82488,88054,89241
꽃게,2700,4113,5701,9306,10487,13703,11176,16768,16691,18544,19734,22181,19393,17854,25643,23960,30897,30273,31968,28753,23004,18300,17087,10419,21483,17651,15754,11430,13813,11819,12842,13016,18659,9478,2683,3714,6894,13606,17596,31302,33193,26608,26861,30448,25242,16374,11751,12941,11770,12306,15417,19715,21809,27150
대게,247,494,132,355,340,100,9,144,228,155,193,125,73,183,6,14,9,4,10,3,3,2,11,94,98,79,133,815,459,1134,756,1001,896,1889,2605,3240,4062,4817,3019,2372,2606,2567,2318,1868,2412,1915,1572,1789,2162,2134,1740,1971,1943,2063
붉은대게,-,-,-,-,-,-,-,-,-,-,-,-,-,-,-,-,-,-,-,-,-,-,-,24440,31063,33155,37362,38896,33146,22366,16281,12973,9166,19262,23113,21926,23890,25388,28293,29993,30749,32520,36973,38013,38189,41647,36180,29686,20344,15874,15548,21050,24694,31584
민꽃게,-,-,-,-,-,-,-,-,-,-,-,-,-,-,-,-,-,-,-,-,-,-,-,-,-,-,-,-,-,-,-,-,-,-,-,-,-,-,4862,6882,6456,5773,5314,2929,3101,3425,4115,3889,8429,3990,2785,2973,2257,2027
기타게류,2404,3167,3120,4626,2157,4170,4323,7279,10213,8591,5821,8901,9155,7421,11295,13771,15778,15467,19961,21534,28235,32736,28704,16050,25319,24854,23813,19030,10274,11875,9372,9001,6753,6798,8110,10383,10184,8423,4438,2761,2425,2345,1874,2147,2450,2484,2155,1905,1096,1186,2510,2329,1505,1436
꽃새우,-,-,-,-,-,-,-,-,-,-,-,-,-,-,-,-,-,-,-,-,-,-,-,8594,10995,5414,3405,2729,3249,4620,5263,3145,4132,3988,2575,3364,4272,3885,2496,3452,2587,1944,1699,1924,1110,1651,1765,2392,2689,2819,2555,3204,1298,2458
닭새우류,-,-,-,-,-,-,8,728,224,83,5,182,380,97,149,248,193,347,950,151,698,1107,1007,375,565,1242,1121,918,458,485,461,415,391,393,595,742,772,734,554,1111,1093,1151,1303,704,589,615,508,3,3,0,1,5,5,5
대하,457,266,704,3794,3005,5946,793,1977,1059,1315,783,502,1145,396,773,667,1503,683,1080,1220,912,998,968,897,1363,1406,1242,1911,1245,814,1211,582,222,148,848,989,1261,704,259,219,252,52,352,472,650,581,665,359,143,115,77,144,674,675
흰다리새우,-,-,-,-,-,-,-,-,-,-,-,-,-,-,-,-,-,-,-,-,-,-,-,-,-,-,-,-,-,-,-,-,-,-,-,-,-,-,-,-,-,3,-,-,-,-,-,-,-,-,-,-,-,-
보리새우,95,571,810,1749,1962,4299,696,771,3017,382,592,742,771,1336,1236,1844,864,2322,4481,2023,2336,2488,2092,2531,2265,2399,1783,2102,1138,480,578,513,217,240,132,282,215,315,254,297,123,74,59,221,213,76,556,852,543,297,67,92,138,71
젓새우류,6509,2825,4897,9250,6888,13524,10734,13269,5952,8958,7568,8089,13815,16994,9791,13488,15029,16640,11767,21493,22579,16512,29310,24324,18510,16495,18411,15624,15993,19389,13985,11705,7013,12885,7889,7352,7810,12553,14934,13722,18861,20728,20221,18930,18334,11730,16207,12812,13478,12844,19422,19946,24566,13229
중하,606,906,846,1168,2144,1533,2009,1912,2436,3709,2710,1819,1221,1386,2293,2729,3911,3032,2086,2400,3358,6145,4962,3834,4993,2168,2211,1976,3651,3633,2621,2385,1736,325,414,834,980,1010,1646,1048,652,1052,1328,1154,895,560,918,817,1149,2176,1479,1259,1673,1203
가시발새우,-,-,-,-,-,-,-,-,-,-,-,-,-,-,-,-,-,-,-,-,-,-,-,-,-,-,-,-,-,-,-,-,-,-,-,-,-,-,-,-,-,-,-,-,-,-,-,-,-,-,-,-,1834,1766
기타새우류,3030,1678,2858,3539,3295,3766,13713,7989,11372,9740,11890,8385,12737,14015,15007,19248,20480,21524,26512,23599,23731,20819,21912,25734,17904,12298,11560,13974,19365,11778,10488,8077,7206,7875,7383,8269,12353,12541,8339,5936,8099,5735,5961,5628,7845,7537,6335,7838,11784,9411,9443,9226,4987,4603
기타갑각류,306,1259,3896,2040,3484,1634,-,-,-,-,-,-,-,-,-,-,-,-,-,-,-,-,-,-,-,-,-,-,1431,1645,1136,4257,936,2721,763,980,1022,1321,941,1031,1103,1171,969,1099,1243,1407,885,705,917,1189,712,574,672,971
골뱅이,-,-,-,-,2028,1290,2129,6561,3692,2072,3774,4516,5326,6118,7755,6988,7337,8284,8444,8195,6382,7141,5849,8352,8131,5224,2975,1617,1325,1672,818,730,1555,2600,2101,1696,1434,1639,1133,1288,-,-,-,-,-,-,-,-,-,-,-,-,-,-
굴류,5618,7851,8394,14793,8940,9122,10066,10138,14959,13527,13981,7128,7855,14518,8574,11668,13769,15145,14247,13306,16079,16518,17526,28215,20710,18262,18259,17210,9905,11690,15939,10056,7950,20201,25690,27320,31016,29316,29185,24254,22686,24985,18424,12751,19794,21484,14076,14539,37176,31092,25805,24006,22994,21070
소라고둥,2587,3903,5046,9319,3240,3213,5221,5165,4960,4382,3985,4497,7052,5787,5293,6161,4131,3357,3097,3555,2673,4009,6141,8764,9128,8834,7361,6878,9192,7283,7281,6274,7193,14065,9507,8498,7496,6909,3055,2534,-,-,-,-,-,-,-,-,-,-,-,-,-,-
소라,-,-,-,-,-,-,-,-,-,-,-,-,-,-,-,-,-,-,-,-,-,-,-,-,-,-,-,-,-,-,-,-,-,-,-,-,-,-,-,-,3018,2877,2950,2698,2322,2680,2115,2903,2444,2298,2376,2672,2426,3103
고둥류,-,-,-,-,-,-,-,-,-,-,-,-,-,-,-,-,-,-,-,-,-,-,-,-,-,-,-,-,-,-,-,-,-,-,-,-,-,-,5592,5799,7242,6913,6776,6193,7342,6949,7143,7372,8162,10190,9530,8954,9063,10757
오분자기,-,-,-,-,-,-,-,-,-,-,-,-,-,-,-,-,-,-,-,-,-,-,-,182,201,159,161,203,87,43,37,38,26,21,19,66,54,62,102,34,27,3,5,5,10,4,5,5,1,4,4,3,3,3
전복류,373,553,959,2346,517,568,615,582,419,458,540,558,453,333,268,360,447,315,278,336,312,354,305,278,177,199,188,214,71,79,76,66,49,73,82,136,116,197,70,192,208,162,168,119,175,145,91,107,112,114,103,99,89,81
가리비류,-,-,-,-,416,44,489,41,37,80,8,10,8,49,35,586,293,273,76,75,6,4,0,51,8,15,20,196,42,6,0,11,0,32,18,13,23,278,15,50,132,51,151,44,55,24,26,49,135,205,131,119,72,18
가무락,-,-,-,-,158,497,271,309,159,298,518,321,567,602,635,1409,960,1049,713,669,509,784,774,580,1293,1484,1200,2028,580,1331,2273,1964,2162,1023,950,826,662,674,1037,864,2315,1387,655,310,376,645,756,380,805,284,128,385,345,228
개량조개류,-,-,-,-,8461,16525,23802,18420,26207,11965,16307,8447,16691,12453,8888,12091,8922,10595,3500,5291,3353,2184,3416,8137,11383,9038,6053,7179,2877,7620,4149,3409,3464,5694,3363,128,612,606,146,331,248,544,402,218,143,175,329,59,16,46,70,116,4,309
꼬막,3898,4842,4519,5178,3455,2634,1241,928,765,778,801,430,403,286,123,350,552,311,208,780,622,322,428,3269,1245,1415,995,493,12114,6503,4184,923,790,5267,2571,1827,4366,481,1320,3865,3959,1581,1945,1070,893,1152,127,30,12,42,18,55,34,10
새꼬막,-,-,-,-,-,-,-,-,-,-,-,-,-,-,-,-,-,-,-,-,-,-,-,-,-,-,-,-,-,-,-,-,-,-,-,-,-,-,-,-,-,-,-,-,-,-,362,313,528,2126,707,789,1219,1256
동죽,-,-,-,-,-,-,2765,2188,4429,8385,9074,7824,14503,15012,14166,20930,23431,19465,19141,12115,27234,11419,10861,9047,10516,9225,10944,8851,2411,4325,2468,5774,6730,21240,13433,5201,7597,2601,1444,698,1393,1444,531,1968,1567,1571,999,1877,1227,737,2062,3991,2488,3372
맛류,-,-,-,-,617,855,577,3054,966,458,898,1595,1316,778,1043,1095,2167,2036,1598,2367,2480,2961,2556,7610,6737,4905,3833,4081,2862,1751,1572,1452,702,6311,5456,2240,854,1457,1344,807,698,372,264,208,153,732,229,144,736,1284,939,892,639,109
바지락,4966,6752,6007,6602,9008,22870,16823,14283,11881,8221,13606,15596,17890,17028,12830,20105,29504,25622,20864,18870,12868,12595,13016,31202,14595,15041,12392,16854,14585,13963,20982,20004,14758,13148,12902,14447,7559,8640,20761,22488,12818,12230,12405,13565,12490,15241,13517,17261,31611,23773,27701,22018,14996,29166
백합류,2462,3184,1798,810,515,1110,674,646,1435,1321,1419,2380,1536,627,1646,1280,1716,1236,1792,628,935,4047,2382,1407,1561,2715,2315,2075,3472,1799,1430,1044,1704,6918,6860,3135,4490,2662,1415,1396,1146,793,572,132,300,424,288,462,28,18,33,84,250,219
새조개,-,-,-,-,392,2253,651,1109,659,4686,3445,6041,8687,1434,2982,3148,4779,5521,8270,8626,3021,4960,3398,11226,6551,428,2583,1587,1078,112,411,2002,810,1288,2846,945,272,1817,364,3504,949,251,426,471,1910,80,293,950,150,49,439,447,1255,1073
코끼리조개,-,-,-,-,-,-,-,-,-,-,-,-,-,-,-,-,-,-,-,-,-,-,-,-,1,4,176,-,73,73,103,43,46,15,15,32,0,0,4,16,-,-,-,-,-,-,-,-,-,-,-,-,-,-
키조개,363,1984,2231,1441,2283,577,1040,2069,620,181,349,12001,10332,4142,3867,3605,2546,2790,8268,6064,15299,7898,5523,3321,2516,3634,834,4098,6456,6771,5795,3828,3500,2443,2471,3453,5409,7897,5487,7368,10224,7521,6557,5060,4701,4510,8170,5355,5854,7296,4970,6130,5112,5767
피조개,476,1878,1418,3336,2628,2569,2459,2100,1284,1460,804,2285,398,908,2139,2315,1958,1462,500,6625,1015,810,911,553,601,473,782,667,1311,534,318,153,228,509,257,230,148,152,1228,5638,5720,3692,560,377,110,51,570,399,827,154,250,331,1053,181
홍합류,3891,6266,9543,8392,8983,12421,15096,13555,10710,9337,8704,4442,5074,5518,6326,6169,5898,3749,3395,6256,5747,6498,6303,2271,2731,2942,2191,3211,1469,1414,1133,1085,946,817,588,724,1184,1620,2448,3399,3271,2226,1735,1967,1766,1566,1164,1393,1009,803,633,393,409,389
개조개,-,-,-,-,-,-,-,-,-,-,-,-,-,-,-,-,-,-,-,-,-,-,-,-,-,-,-,-,-,-,-,-,-,2680,5380,6534,3399,3422,2672,1918,1950,2314,2037,2199,2329,1828,1741,1378,1727,1578,1289,1116,943,1040
우렁이류,-,-,-,-,-,-,-,-,-,-,-,-,-,-,-,-,-,-,-,-,-,-,-,-,-,-,-,-,-,-,-,-,-,-,-,-,-,-,122,15,-,-,-,-,-,-,-,-,-,-,-,-,-,-
기타패류,-,-,14260,41868,6702,3182,4960,6957,6500,7139,4891,3975,4143,4763,6224,9475,10361,9992,8660,7305,7923,6225,6715,7265,8515,8270,9374,14346,9652,7333,8134,6472,4723,5533,5671,3561,3743,3284,2364,3734,2376,2884,1493,1280,1091,1293,675,795,1281,518,1879,3158,1349,1722
갑오징어류,3077,4763,3976,5165,6504,10932,16429,14780,30024,55654,38922,38153,31874,59487,55440,49545,36210,25568,21867,16528,12395,8149,5207,5437,2964,2567,1484,2082,2563,6652,1267,1443,1920,872,905,1325,1988,1938,3034,3396,4105,2461,3136,4025,3333,5329,4453,4870,6039,8762,5183,6693,7263,4892
꼴뚜기류,-,-,-,-,-,-,-,-,-,-,-,-,-,-,-,-,2124,2923,2931,2396,2391,2802,2758,2542,2285,1222,1380,1455,4119,1629,885,898,836,758,793,1304,1354,1657,2378,2260,2203,2495,2231,1494,1479,1166,1137,1017,1209,1072,1326,1344,1150,922
낙지류,-,-,-,-,-,-,-,-,-,-,-,-,-,-,-,-,7147,10439,10979,12354,9264,11968,11546,14351,12446,10803,11611,10103,6395,5966,5861,5911,5297,7248,7023,7658,7397,8625,7879,7013,6954,6445,5799,5061,5274,6690,6399,6067,5725,5918,6071,6472,5383,5677
문어류,503,907,1133,1389,1509,4441,4109,4165,3143,3757,4571,5323,5315,6085,5763,5935,4600,4844,4554,6472,5962,5332,5990,7584,7899,7027,6064,8236,12038,8179,8718,9668,12408,5121,5953,7637,7894,12033,11838,15386,10813,10421,10080,9109,9823,8753,9408,10082,9744,9808,8988,9239,7748,8283
주꾸미,2410,1878,2801,6102,4337,4513,4688,2720,3063,3330,3761,2395,3487,5309,3321,5214,3604,2241,3366,3743,4422,3882,3976,4927,4138,3870,3709,4613,7999,5117,4569,4294,3911,5200,5048,4390,4032,6828,4052,4285,2977,2596,3415,2340,2486,2232,2278,3460,3773,3828,4306,3338,2957,2204
살오징어(오징어),72142,38262,52749,44152,31354,37238,45227,18119,18440,26132,48490,46715,53925,37286,39610,42879,37214,60930,49525,65885,74172,107607,136928,219467,189572,200897,252618,224959,163016,249991,226309,225616,226656,233254,212760,189126,197084,174479,186160,189160,159130,171643,181408,154555,163896,155743,121691,87024,46274,51817,56989,60880,36578,23343
한치류,-,-,-,-,-,-,-,-,-,-,-,-,-,-,-,-,-,-,-,-,-,-,-,-,-,-,-,-,-,-,-,-,-,-,-,-,-,0,864,1564,1416,1064,1133,1749,1245,1916,1849,2863,2316,1362,1909,2655,1492,2689
기타연체동물류,11069,11995,-,753,6065,6465,7940,10763,12387,15429,15016,11415,13797,7452,8053,8309,5549,461,573,477,630,966,877,926,1386,633,549,837,1959,564,438,501,383,171,106,77,43,51,68,148,179,290,207,91,110,194,564,140,539,443,290,372,398,159
미더덕,-,-,-,-,-,-,-,-,-,-,-,-,-,-,-,-,2829,4640,2965,1792,1961,2207,1796,59,8,25,13,35,56,29,3,49,59,994,211,62,8,1,0,5,1,17,6,7,0,39,1,3,1,1,0,1,1,2
성게류,3364,2041,1904,2659,3393,2321,3497,4119,2969,2719,3383,5212,5565,5260,4933,6222,7751,5278,4291,3633,4325,3749,2476,3944,3714,3707,2802,2771,1410,1182,1461,1454,1459,1607,1301,2035,2596,2651,3555,2846,2868,2467,2351,3091,2700,2963,2172,1895,2555,2477,1576,1911,3294,1757
우렁쉥이,-,-,-,-,1562,4656,5066,3872,2702,2307,2369,2485,1146,1727,1999,3451,949,1335,118,299,222,222,278,241,3198,2067,3641,2780,891,1142,1440,1004,966,836,1115,1485,1105,1127,1482,1107,1076,1730,1448,1573,1670,1507,1281,1139,936,953,903,926,977,1105
해삼,1331,1682,1877,1446,1796,1321,2588,2788,2509,3325,3139,3534,3678,3966,3438,3098,3367,2922,2758,2508,2491,2025,1581,1750,2117,1891,1979,2217,1439,1204,1419,900,833,1281,1154,1135,1614,2936,2256,2789,2687,2259,1935,2112,2075,2211,2108,2013,2102,2362,1610,1656,1704,1573
오만둥이,-,-,-,-,-,-,-,-,-,-,-,-,-,-,-,-,-,-,-,-,-,-,-,-,-,-,-,-,-,-,-,-,-,-,-,-,-,-,107,10,160,117,8,20,2,3,0,1,0,5,5,5,14,4
기타수산동물류,11075,8187,6777,6903,4921,1901,1862,3587,6408,6622,7002,6828,7432,3300,5887,1448,1154,835,769,669,609,756,752,1333,1144,1016,873,949,986,1001,1882,1302,1936,1622,1741,561,749,803,436,334,147,141,77,210,4443,582,778,1045,325,189,1685,1435,1103,571
김류,1171,1213,3155,2574,1685,758,1066,554,231,143,237,344,173,79,132,603,378,15,1248,775,3533,1128,69,42,77,62,189,90,635,418,1,11,29,122,3,13,2,24,1,23,8,43,35,28,32,64,36,44,166,73,214,366,10,4
꼬시래기류,-,-,-,-,48,23,23,-,13,11,9,20,10,11,4,2,1,-,4,4,0,6,6,43,28,42,54,24,1,13,0,1,0,-,0,7,11,69,11,113,9,0,6,13,16,37,10,68,29,15,16,4,3,1
개꼬시래기,-,-,-,-,-,-,-,-,-,-,-,-,-,-,-,-,-,-,-,-,-,-,-,-,-,-,-,-,-,-,-,-,-,-,-,-,-,-,-,-,-,-,-,-,-,-,-,1,0,0,0,-,-,-
다시마류,780,1468,1037,248,456,1246,587,1423,613,493,2411,375,761,440,34,996,169,3761,1649,31,7,144,-,511,164,979,1795,761,500,577,350,357,88,37,-,9,12,28,2,354,180,90,39,4,12,10,11,20,85,0,0,0,15,10
도박류,-,-,-,977,1998,3224,4236,389,1382,455,518,419,1162,1018,1305,648,813,267,364,607,756,169,399,761,1190,-,120,70,15,24,15,13,2,7,48,128,473,446,1170,670,118,220,153,235,90,302,517,90,1,5,9,11,29,-
모자반(말)류,2204,4579,2362,4147,5183,4226,4872,4923,4874,5448,5556,3496,2371,621,387,378,181,137,324,185,201,131,108,94,388,145,68,102,19,24,29,22,-,-,-,2,1,13,260,381,256,289,104,16,37,93,60,12,-,139,58,36,-,7
모자반(몰),-,-,-,-,-,-,-,-,-,-,-,-,-,-,-,-,-,-,-,-,-,-,-,-,-,-,-,-,-,-,-,-,-,-,-,-,-,-,-,-,-,-,-,-,-,-,28,4,4,0,1,10,32,65
미역류,38420,29721,28123,33421,31029,20302,25118,34642,13740,10028,10244,19313,6191,5835,6236,6380,8227,7174,6711,4812,5075,4243,3459,5271,5388,3868,6642,4490,784,600,1717,2664,1089,942,719,4740,3569,6384,3114,3882,4783,2742,2184,2787,3517,3963,2426,2120,6305,4952,5119,6374,5837,2723
우뭇가사리,3154,3143,2651,2541,3925,5279,9440,6591,5654,7671,7941,7178,7366,7354,6155,4115,5080,9620,8844,8284,8339,5399,6742,4476,7581,7798,3551,6182,3136,2307,2872,3768,2150,467,1791,3079,3012,2859,1093,822,3715,5011,3532,2724,3180,735,2831,2781,1107,654,485,413,238,279
기타가사리,-,-,-,131,907,1463,672,1116,1668,1116,682,207,380,1691,691,1176,266,599,351,404,325,237,394,159,213,283,57,85,116,142,66,35,117,62,11,84,328,289,63,36,-,-,-,-,-,-,-,-,-,-,-,-,-,-
청각,-,-,-,-,-,-,363,490,404,903,1227,1017,1792,1161,771,470,526,656,1106,829,565,1555,1215,455,514,530,381,92,280,391,220,404,558,27,616,3083,2875,3950,1400,553,451,396,593,132,304,266,224,171,48,249,94,46,62,86
톳,8622,10607,9961,12216,14250,15877,15306,12261,15575,12932,15853,13743,19849,15335,19243,15449,11630,21580,12981,10162,7222,6614,4327,6458,5814,6179,8086,7783,3856,7423,6062,7024,5081,2744,5284,3520,2933,2672,2721,2590,2366,4797,2242,1617,1443,947,1455,2068,3374,626,442,443,266,158
파래류,-,-,-,210,1660,1844,2400,1622,1703,1371,1518,2132,2159,2532,1412,1524,1654,2949,3304,2418,1425,510,578,597,527,497,373,490,61,183,64,40,412,182,71,246,164,167,295,297,368,305,592,373,875,913,1029,675,196,287,303,912,170,294
매생이,-,-,-,-,-,-,-,-,-,-,-,-,-,-,-,-,-,-,-,-,-,-,-,-,-,-,-,-,-,-,-,-,-,-,-,-,-,-,0,3,29,4,2,0,0,2,-,-,3,23,0,1,-,5
곰피,-,-,-,-,-,-,-,-,-,-,-,-,-,-,-,-,-,-,-,-,-,-,-,-,-,-,-,-,-,-,-,-,-,-,-,-,-,-,-,-,-,-,-,-,-,-,-,-,-,-,-,0,-,2
기타해조류,17992,17633,27633,24205,29825,30646,31758,33230,31777,20931,12998,12860,3782,7717,11168,14372,3944,11798,4568,3107,2876,3108,6941,3319,5015,1985,1594,3064,3191,793,1627,594,901,564,517,301,374,1288,3736,1119,760,890,641,637,86,494,237,118,678,1500,824,161,80,282
해면양식업,119211,147221,160378,260401,340169,351396,410670,491137,390997,480414,540564,701065,596316,643798,678321,787571,946965,866063,886605,848246,772731,775419,935478,1038119,1072126,996451,874810,1015134,777230,765252,653373,655827,781519,826245,917715,1041074,1259274,1385804,1381003,1313355,1355000,1477546,1488950,1515210,1546715,1667872,1872400,2315775,2249605,2410040,2308407,2401120,2273631,2269357
가자미류,-,-,-,-,-,-,-,-,-,-,-,-,-,-,-,-,-,-,-,-,-,1,-,0,6,9,12,2,-,-,-,-,-,-,-,-,-,17,160,379,552,1081,601,840,2377,1841,1737,2564,3373,3669,3336,6214,7725,7730
고등어,-,-,-,-,-,-,-,-,-,-,-,-,-,-,-,-,-,-,-,-,-,-,-,-,-,-,-,-,-,-,-,-,-,5,50,80,184,301,195,249,285,75,275,206,172,113,247,203,280,230,247,231,386,248
넙치류,-,-,-,-,-,-,-,-,-,-,-,-,-,-,-,-,-,20,16,249,1037,1815,3199,4029,5270,6733,8861,26274,22277,21368,14127,16426,23348,34533,32141,40075,43852,41171,46432,54674,40925,40805,39371,36944,43413,45759,41620,41207,37241,43360,43813,41776,45827,39931
농어류,-,-,-,-,-,-,-,-,-,-,-,-,-,-,-,-,-,-,-,-,391,377,79,205,98,193,266,703,940,797,605,873,2006,2778,1850,2600,1571,2361,2007,2395,1952,1835,1522,1248,1004,1780,1878,2046,1024,774,843,1212,920,576
능성어,-,-,-,-,-,-,-,-,-,-,-,-,-,-,-,-,-,-,-,-,-,-,170,15,12,2,9,5,1,5,6,20,39,101,36,155,46,146,46,180,270,150,52,56,67,134,217,443,292,145,79,86,220,240
참다랑어,-,-,-,-,-,-,-,-,-,-,-,-,-,-,-,-,-,-,-,-,-,-,-,-,-,-,-,-,-,-,-,-,-,-,-,-,-,-,-,-,-,0,3,-,-,-,-,-,6,19,26,28,49,41
감성돔,-,-,-,-,-,-,-,-,-,-,-,-,-,-,8,-,-,-,-,-,-,-,0,8,8,9,2,12,51,92,221,275,685,1084,1379,2671,2705,2841,1588,1694,2254,1233,1138,913,929,1383,1422,1725,1452,954,611,1009,1334,1246
자리돔,-,-,-,-,-,-,-,-,-,-,-,-,-,-,-,-,-,-,-,-,-,-,-,-,-,-,-,-,-,-,0,-,-,-,-,-,-,-,-,-,-,-,-,-,-,-,-,-,-,-,-,-,-,-
참돔,-,-,-,-,-,-,-,-,-,-,-,-,-,-,-,-,-,-,-,-,228,356,117,142,83,25,27,115,146,176,412,641,960,4417,3988,5816,4386,7213,7424,9226,6300,3498,2870,2755,4066,6169,5321,6806,5103,5502,5745,8313,8083,6283
돌돔,-,-,-,-,-,-,-,-,-,-,-,-,-,-,-,-,-,-,-,-,-,-,-,-,-,-,-,-,-,-,-,-,-,-,-,-,-,-,424,914,902,711,640,782,1002,1050,908,714,902,1262,682,829,603,632
기타돔류,-,-,-,-,-,-,-,-,-,-,-,-,-,-,-,-,-,-,-,-,56,5,18,39,12,16,14,30,134,186,386,94,234,1287,1430,2048,1689,1109,19,4,9,11,36,16,16,16,27,53,92,80,69,92,173,195
망둑어류,-,-,-,-,-,-,-,-,-,-,-,-,-,-,-,-,-,-,-,-,-,-,-,-,-,-,-,-,-,-,-,-,-,-,-,-,-,-,-,-,-,-,0,-,-,-,-,-,-,-,-,-,-,-
멸치,-,-,-,-,-,-,-,-,-,-,-,-,-,-,-,-,-,-,-,-,3,-,-,-,-,-,-,-,-,-,-,-,-,-,-,-,-,-,-,-,-,-,-,-,-,-,-,-,-,-,-,-,-,-
민어,-,-,-,-,-,-,-,-,-,-,-,-,-,-,-,-,-,-,-,-,-,-,2,12,1,0,-,-,-,16,51,45,19,7,-,-,13,29,13,5,32,1,0,-,51,40,27,102,71,47,57,93,-,-
방어류,-,20,-,1,-,-,-,-,-,18,7,6,-,-,323,1351,2910,1418,1258,1569,462,893,287,153,209,159,116,302,266,236,494,95,186,114,45,57,66,5,208,304,141,34,181,145,198,629,370,204,440,650,772,444,643,561
보구치,-,-,-,-,-,-,-,-,-,-,-,-,-,-,-,-,-,-,-,-,-,-,-,-,-,-,-,-,-,-,-,5,-,-,-,-,-,-,-,-,-,-,-,-,-,-,-,-,-,-,-,-,-,-
복어류,-,-,-,-,-,-,-,-,-,-,-,-,-,-,-,-,-,-,-,-,43,0,4,6,9,0,-,-,0,15,2,63,29,14,48,76,248,45,57,27,111,121,3,62,27,51,21,21,8,21,19,6,68,26
조피볼락,-,-,-,-,-,-,-,-,-,-,-,-,-,-,-,-,-,-,-,-,-,-,-,679,751,985,1922,11069,12544,9459,8473,9254,16550,23771,19576,21297,27517,35564,32992,33020,20918,17338,23085,23757,24598,18774,18032,22344,22702,20348,21568,17473,16189,14429
기타볼락류,-,-,-,-,-,-,-,-,-,-,-,-,-,-,-,-,-,-,-,-,386,312,666,166,143,174,114,245,231,721,225,76,86,167,132,339,496,415,263,270,280,307,205,188,176,165,228,198,211,207,247,226,117,86
노래미류,-,-,-,-,-,-,-,-,-,-,-,-,-,-,-,-,-,-,-,-,-,-,-,-,-,-,-,-,-,-,-,-,-,0,2,9,8,12,1,-,-,-,-,7,-,-,-,0,2,-,3,-,-,-
부세,-,-,-,-,-,-,-,-,-,-,-,-,-,-,-,-,-,-,-,-,-,-,-,-,-,-,-,-,-,-,-,-,-,-,-,-,-,-,-,-,-,-,-,-,-,-,-,-,-,-,-,3,40,12
송어류,-,-,-,-,-,-,-,-,-,-,-,-,-,-,-,-,-,-,-,-,-,-,-,-,-,-,-,-,-,-,-,-,-,-,-,-,-,-,-,-,-,-,20,9,60,37,12,81,71,161,89,91,24,5
쏨뱅이,-,-,-,-,-,-,-,-,-,-,-,-,-,-,-,-,-,-,-,-,-,-,-,-,-,-,-,-,-,-,-,-,-,-,-,-,-,-,-,6,-,-,-,-,-,-,-,-,-,-,-,-,-,-
숭어류,-,-,-,-,-,-,-,-,-,-,-,-,-,-,-,-,-,-,-,-,0,8,13,4,13,34,27,201,106,347,968,1415,3898,4093,3596,5500,5651,4921,6149,5581,4657,4850,5839,4788,4839,6834,7110,6828,6382,6609,8449,10352,7756,6642
연어,-,-,-,-,-,-,-,-,-,-,-,-,-,-,-,-,-,-,-,-,-,-,-,-,-,-,-,-,-,-,-,-,-,-,-,-,-,-,-,-,-,-,-,-,-,2,100,70,-,1,7,42,12,4
임연수어,-,-,-,-,-,-,-,-,-,-,-,-,-,-,-,-,-,-,-,-,5,16,22,7,22,14,19,2,-,-,-,3,-,-,-,-,-,-,-,-,-,-,-,-,-,-,-,-,-,-,-,-,-,-
갯장어,-,-,-,-,-,-,-,-,-,-,-,-,-,-,-,-,-,-,-,-,1,-,-,-,-,-,-,-,-,-,-,-,-,-,-,-,-,-,-,-,-,-,-,-,-,-,-,-,-,-,-,-,-,-
붕장어,-,-,-,-,-,-,-,-,-,-,-,-,-,-,-,-,-,-,-,-,-,-,-,-,-,-,-,-,-,-,-,-,-,-,-,-,-,-,-,-,-,-,-,-,-,-,-,3,8,9,30,23,44,-
전갱이류,-,-,-,-,-,-,-,-,-,-,-,-,-,-,-,-,-,-,-,-,-,-,-,-,-,-,-,-,-,-,-,-,-,-,-,63,34,27,62,8,7,0,-,1,4,1,18,-,-,-,-,-,-,11
전어,-,-,-,-,-,-,-,-,-,-,-,-,-,-,-,-,-,-,-,-,-,2,-,-,-,-,-,-,-,-,-,-,-,-,181,576,2519,1225,397,34,-,136,120,95,130,207,390,225,445,390,789,145,113,151
참조기,-,-,-,-,-,-,-,-,-,-,-,-,-,-,-,-,-,-,-,-,-,-,-,-,-,-,-,-,-,-,-,-,-,-,-,-,-,-,-,-,-,-,-,1,16,72,35,70,8,46,112,12,20,45
쥐치류,-,-,-,-,-,-,-,-,-,-,-,-,-,-,-,-,-,-,-,-,-,-,-,1,0,-,7,126,619,35,9,3,0,3,19,74,137,260,569,546,515,263,346,296,293,392,417,491,408,719,693,725,754,569
기타어류,22,-,-,-,15,-,1,-,-,44,31,25,-,-,-,62,5,335,16,843,44,120,18,5,6,7,6,35,8,0,7,9,33,19,3,1,1,1,-,-,-,-,-,-,-,-,-,-,-,-,-,-,-,-
꽃게,-,-,-,15,-,-,-,-,-,-,-,-,-,-,-,1,-,-,-,-,0,-,-,-,-,-,-,-,-,-,-,-,-,-,-,-,-,-,-,-,-,-,-,-,-,-,-,-,-,-,-,-,-,-
대하,-,-,-,-,-,-,61,84,65,80,25,29,52,50,75,39,82,113,102,234,257,465,562,272,517,404,377,1533,846,1142,1158,2081,1403,2324,2426,1399,1022,463,130,81,26,16,35,42,13,13,1,18,-,1,1,-,-,-
흰다리새우,-,-,-,-,-,-,-,-,-,-,-,-,-,-,-,-,-,-,-,-,-,-,-,-,-,-,-,-,-,-,-,-,-,-,-,-,661,858,1794,1812,2705,2844,2784,3785,4488,5515,5791,5144,5492,7542,8124,9545,9504,6996
보리새우,-,10,-,-,-,-,17,15,20,45,60,88,57,-,18,44,51,71,79,68,55,31,30,19,58,34,5,-,-,-,-,-,-,-,-,-,-,-,-,-,-,-,-,-,-,-,-,-,-,-,-,-,-,-
중하,-,-,-,-,-,-,-,-,-,-,-,-,-,-,-,-,-,-,-,-,-,15,-,-,-,-,-,4,-,-,-,-,-,-,-,-,-,-,-,-,-,-,-,-,-,-,-,-,-,-,-,-,-,-
기타새우류,10,10,86,61,5,53,-,-,-,-,-,-,-,-,-,1,-,17,-,-,-,-,-,-,-,-,-,-,-,38,-,-,-,-,-,-,-,-,-,-,-,-,-,-,-,-,-,-,-,-,-,-,-,-
기타갑각류,-,10,36,23,-,33,-,-,-,-,1,-,-,-,-,2,-,-,-,-,-,-,-,-,-,-,-,-,-,-,-,0,-,-,-,-,-,-,-,-,-,-,-,-,-,-,-,-,-,-,-,-,-,-
골뱅이,-,-,-,-,-,-,-,-,-,-,-,-,-,1,-,-,30,-,8,21,7,2,-,-,-,-,-,-,-,-,-,-,-,-,-,-,-,-,-,-,-,-,-,-,-,-,-,-,-,-,-,-,-,-
굴류,36981,45663,64314,78602,56008,143604,154596,151325,143324,157591,173052,199233,181349,203945,203312,242847,255006,288078,284472,242956,219124,215418,235326,258212,172313,191156,185339,200973,175926,177259,177079,174117,182229,238326,239270,251706,283296,321276,249976,240911,267776,281022,284856,239779,283240,265146,268841,315255,303183,326190,300084,305914,310483,310753
소라고둥,-,-,-,-,-,-,-,-,-,-,-,-,-,79,-,22,11,1,8,-,4,24,98,-,-,87,20,33,1,1,-,-,-,-,-,-,-,-,-,-,-,-,-,-,-,-,-,-,-,-,-,-,-,-
고둥류,-,-,-,-,-,-,-,-,-,-,-,-,-,-,-,-,-,-,-,-,-,-,-,-,-,-,-,-,-,-,-,-,-,-,-,-,-,-,-,-,-,-,-,-,-,0,0,-,-,-,-,-,-,-
오분자기,-,-,-,-,-,-,-,-,-,-,-,-,-,-,-,-,-,-,-,-,-,-,-,-,-,-,-,-,88,-,-,-,-,-,-,-,-,-,-,-,-,-,-,-,-,-,-,-,-,-,-,-,-,-
전복류,9,19,14,10,1,0,7,24,77,203,98,132,82,2,17,6,19,4,-,-,2,7,15,83,104,61,84,7,3,0,20,29,85,1065,1260,2062,3050,4350,5146,6207,6228,6779,6564,7479,8977,10090,12342,16027,20053,18436,20059,23199,22078,24126
가리비류,-,-,-,-,-,-,-,-,-,-,-,-,-,-,-,-,-,-,-,-,-,1,35,43,45,59,102,637,360,377,2371,66,5,23,173,215,292,286,421,348,253,403,519,484,956,1557,2995,3493,5329,5082,5591,5107,7129,12153
가무락,-,-,-,-,-,552,607,2104,2579,637,1425,930,528,552,410,320,488,443,1786,1310,232,252,135,634,126,66,27,5,33,3,46,25,219,189,79,80,256,134,68,74,109,272,17,62,91,0,19,2,1,184,-,-,-,15
개량조개류,-,-,-,-,-,-,221,55,2,52,326,418,106,-,497,-,11,-,-,-,-,0,-,-,0,-,-,1,-,2,1,6,-,0,-,-,-,-,-,-,-,5,-,-,0,-,-,-,-,-,-,-,-,-
꼬막,19295,18087,10767,12268,13693,9736,11953,10128,6350,5651,5427,4630,7950,5113,10312,12038,11520,14584,14502,10299,11113,16325,16441,3290,10375,13027,4473,2843,5041,2511,820,3842,413,2440,10849,3226,5063,28372,1637,2966,1155,1616,2232,1590,935,96,142,85,55,37,40,143,46,44
새꼬막,-,-,-,-,-,-,-,-,-,-,-,-,-,-,-,-,-,-,-,-,-,-,-,-,-,-,-,-,-,-,-,-,-,-,-,-,-,-,-,-,-,-,-,-,-,-,4631,2369,4439,8375,6725,4506,5763,4844
동죽,-,-,-,-,-,-,80,2602,206,2466,2158,207,1310,3491,544,1666,1757,4300,3242,8488,5607,3546,1406,1061,429,478,183,19,-,-,-,-,-,-,-,-,-,3,213,-,-,-,-,361,31,10,10,52,-,-,-,-,-,-
맛류,-,-,-,-,-,-,-,-,-,-,-,-,-,44,3,-,1,-,4,-,31,24,-,5373,7486,7169,6843,6585,68,-,-,-,-,2,-,-,-,-,-,-,-,-,-,-,-,-,-,-,-,-,-,-,-,-
바지락,5747,8316,8988,10933,13919,15385,18553,23366,20115,26567,30096,32170,28963,23347,17167,14350,35992,54132,51245,64973,61713,45537,54402,10046,19035,15260,18478,13958,17178,16135,17927,16433,10652,27494,27570,17401,14327,18819,15541,17905,23430,25699,12623,4580,7213,10276,14566,10435,19853,22254,18054,23818,22704,2597
백합류,5602,8521,7392,6906,5423,6259,2973,2504,751,1014,779,599,450,133,91,161,350,264,418,102,133,246,192,145,77,122,47,47,-,17,-,26,5,167,127,47,107,181,39,64,-,7,-,32,46,36,6,-,-,-,-,3,-,-
새조개,-,-,-,-,-,-,-,-,-,-,973,1483,260,-,764,1148,307,623,296,126,98,380,316,-,-,-,-,-,52,19,-,0,-,73,-,2,-,-,-,-,-,-,-,-,-,1,-,151,44,-,-,-,-,5
코끼리조개,-,-,-,-,-,-,-,-,-,-,-,-,-,-,-,-,-,-,-,-,-,-,-,-,-,-,-,-,-,-,0,-,-,-,-,-,-,-,-,-,-,-,-,-,-,-,-,-,-,-,-,-,-,-
키조개,-,-,-,-,-,-,-,-,-,-,-,-,-,-,360,1,8,2,-,5,11,441,-,13,646,51,3,22,190,1104,1998,1240,577,783,1997,4950,872,3870,1318,1320,748,830,81,1,1,50,44,1,-,11,-,2147,1615,1016
피조개,-,-,-,-,-,450,427,202,665,1548,2301,12193,20389,11047,23019,48073,58393,58092,49013,16947,17758,16702,20547,11613,13646,9357,20166,13156,23029,8550,10618,7359,4745,4696,3134,2548,2064,3015,1903,1714,1560,2110,1872,2227,2921,3167,3063,4125,8476,3034,2248,1409,2405,4767
홍합류,6888,16778,14070,7765,5578,12899,29348,60536,34003,86509,61301,61877,37826,41594,26041,48239,34557,26064,15693,7925,9759,9495,9689,55183,39764,75353,70058,63572,17785,15042,11713,13653,13201,15785,20409,43953,81617,98121,67442,55035,54440,70416,61310,34429,51463,51642,54642,76161,49485,59759,61968,63672,53064,54322
개조개,-,-,-,-,-,-,-,-,-,-,-,-,-,-,-,-,-,-,-,-,-,-,-,-,-,-,-,-,-,-,-,-,-,-,0,-,-,-,-,-,-,-,-,-,-,0,-,-,-,-,-,-,-,0
기타패류,346,970,802,320,731,625,288,1950,1675,2327,4624,3927,1753,20,51,164,544,265,-,23,-,9,-,-,78,6,915,15,0,11,15,282,302,20,21,65,116,219,-,-,0,0,0,-,-,-,-,-,3,-,-,0,-,-
낙지류,-,-,-,-,-,-,-,-,-,-,-,-,-,-,-,-,-,-,-,-,11,-,-,-,-,-,-,-,-,-,-,-,-,-,-,-,-,-,-,-,-,-,-,-,-,-,-,-,-,-,-,-,-,-
문어류,-,1,2,-,-,5,-,-,-,-,-,-,-,-,-,-,-,-,-,-,-,-,-,-,11,-,-,-,-,-,-,-,-,-,-,-,-,-,-,-,-,-,-,-,-,-,-,-,-,-,-,-,-,-
미더덕,-,-,-,-,-,-,-,-,-,-,-,-,-,-,-,-,4391,9089,8859,12428,11523,9972,6903,8102,7754,3675,4205,2442,5650,11292,13889,15084,5266,2047,2590,1412,1519,2309,2620,3845,2920,2655,2492,2759,1641,4119,1201,1865,403,1178,1414,2965,588,860
성게류,-,-,-,-,-,-,-,-,-,-,-,55,66,-,-,5,34,-,-,-,-,-,-,-,-,0,-,-,-,-,-,-,-,-,-,-,-,-,0,-,-,-,-,-,-,-,-,-,-,-,-,-,-,-
우렁쉥이,-,-,-,-,-,-,-,-,-,-,-,-,39,33,157,9069,15205,10048,14014,24344,20768,6994,4821,13923,42822,22626,13093,22318,8177,11845,2336,4603,9613,3116,6349,9334,7127,9318,7826,7208,6364,11676,9031,10282,7037,21326,31353,26273,37312,26040,30613,17400,17928,24693
해삼,-,-,-,-,-,-,-,-,-,-,-,-,1,153,1,-,70,-,-,-,0,2,2,318,-,1,0,0,0,0,-,-,-,-,-,1,-,-,-,-,-,92,10,23,9,-,4,32,14,93,50,16,2,0
오만둥이,-,-,-,-,-,-,-,-,-,-,-,-,-,-,-,-,-,-,-,-,-,-,-,-,-,-,-,-,-,-,-,-,-,-,-,-,-,-,4899,5690,5504,6372,5868,2881,7025,4513,6101,6361,5116,3919,3512,2464,1545,732
기타수산동물류,-,-,-,-,-,-,-,-,-,-,-,-,600,6967,11490,10501,1096,-,5,-,-,-,-,-,-,-,-,-,15711,12779,12940,14146,7174,3248,237,80,1849,3594,-,0,-,-,22,-,-,-,-,-,1,-,-,0,-,-
김류,35782,34801,23042,34763,54440,44672,44234,57718,28748,43787,56274,80490,79784,87963,136484,109819,143369,83287,115749,141355,97637,143945,163555,235272,269581,192960,166199,140236,191578,205706,130488,167909,209995,193553,228554,197610,217559,210956,224242,211444,235534,316428,349827,405525,397841,386646,409408,523648,567162,605767,536127,547413,550221,533249
꼬시래기류,-,-,-,-,-,-,-,-,-,-,-,-,-,-,2,-,-,-,-,-,-,-,-,-,-,-,-,-,-,-,-,-,-,-,-,-,-,45,-,-,-,-,-,-,-,4,24,5,-,0,-,-,-,-
개꼬시래기,-,-,-,-,-,-,-,-,-,-,-,-,-,-,-,-,-,-,-,-,-,-,-,-,-,-,-,-,-,-,-,-,-,-,-,-,-,-,-,-,-,-,-,-,-,-,-,1634,862,1769,3672,932,2356,3087
다시마류,-,-,-,-,2334,2758,8342,2122,5516,5192,940,1963,3987,11606,7927,11796,9445,9980,11612,2617,8084,8938,9560,17180,30421,27295,35640,33466,7931,25447,14160,17506,24873,25259,22510,108327,201919,250049,285221,306183,241322,246701,308601,373264,372311,442637,433246,542285,572600,662558,675074,685239,560839,595931
모자반(말)류,-,-,-,-,-,-,-,-,-,-,-,-,-,-,1,-,24,-,-,-,-,-,-,-,-,-,-,-,-,-,-,-,-,-,-,877,919,490,1059,1826,2383,2529,1354,24,145,86,-,-,-,-,-,-,-,-
모자반(몰),-,-,-,-,-,-,-,-,-,-,-,-,-,-,-,-,-,-,-,-,-,-,-,-,-,-,-,-,-,-,-,-,-,-,-,-,-,-,-,-,-,-,-,-,-,-,150,301,263,176,274,342,320,362
미역류,6625,11103,29028,107848,186805,112026,136659,173978,144601,143305,196147,294622,225045,237128,230188,256436,346434,285085,281657,280856,269333,266966,371432,372182,411602,386819,305813,431872,239742,213706,212429,175490,242135,198172,261574,281871,322371,309097,381076,309155,393616,394003,339924,327375,283707,333061,496290,622613,515666,520267,501501,574504,584133,566564
우뭇가사리,1149,996,866,588,951,981,247,57,44,6,560,88,-,3,-,246,305,218,-,-,-,-,5,10,-,-,-,-,-,16,0,-,4,-,-,-,-,-,-,-,-,-,-,-,-,-,-,-,-,-,-,-,-,-
기타가사리,-,-,-,-,-,-,-,-,-,-,-,-,-,-,-,-,6,14,-,-,-,-,-,-,-,-,-,-,-,2,-,-,-,-,-,-,-,-,-,-,-,-,-,-,-,-,-,-,-,-,-,-,-,-
청각,-,-,-,-,-,-,-,-,-,-,-,-,-,-,-,-,-,55,-,224,427,-,-,-,1,2,8,-,-,43,164,7,72,53,142,1597,165,158,1186,1796,1394,1005,855,2045,5550,3895,4279,3980,3349,3258,7108,11317,2462,7594
톳,-,-,-,-,-,-,-,-,-,-,-,-,-,-,4325,8497,13289,11572,23871,20168,23920,11408,18163,27621,31669,37679,23054,34470,24993,22679,11654,6865,11016,33661,22814,30058,21125,20909,17701,19533,21133,23351,13024,13311,16563,28157,32762,54624,36170,39214,27575,16497,14761,17710
파래류,-,-,-,-,-,-,-,-,-,-,-,-,-,-,4734,10658,11040,7588,8670,10116,12463,14367,17248,12053,6918,4344,8272,7794,5298,5873,5288,5760,9291,1355,1154,814,682,684,8003,5903,4531,6085,6002,5034,6055,6603,7158,6159,6783,6306,8242,7898,5088,8287
매생이,-,-,-,-,-,-,-,-,-,-,-,-,-,-,-,-,-,-,-,-,-,-,-,-,-,-,-,-,-,-,-,-,-,-,-,-,-,-,2536,2819,1759,2179,2739,4727,5021,3777,3193,6276,6969,3386,2063,2981,3789,2745
곰피,-,-,-,-,-,-,-,-,-,-,-,-,-,-,-,-,-,-,-,-,-,-,-,-,-,-,-,-,-,-,-,-,-,-,-,-,-,-,-,-,-,-,-,-,-,-,-,-,-,-,-,2262,3708,6243
기타해조류,756,1918,972,299,265,1360,2056,2367,2256,3373,3959,5900,5719,10527,-,9,215,301,10,-,5,2,-,-,5,-,4,5,227,200,273,1,171,1,-,2,173,565,-,-,-,2,-,-,-,-,-,0,-,-,-,0,-,-